prioridad,mercado,zona_region,pais,empresa,dominio,ciudad,segmento,subsector,estado_contactos
A,México,Baja California (Tijuana / Ensenada / Tecate),México,"Ink Throwers de México, S.A. de C.V.",inkthrowers.com,"Tijuana, B.C.",OEM,"Estampado y serigrafía textil (acabado, SCIAN 3133)","2 contactos, 1 con correo: buscar correos"
A,México,Baja California (Tijuana / Ensenada / Tecate),México,"MD International Baja, S.A. de C.V.",,"Ensenada, B.C.",OEM,"Maquila de exportación de confección (IMMEX, SCIAN 315)","1 contactos, 0 con correo: buscar correos"
A,México,Baja California (Tijuana / Ensenada / Tecate),México,"SOIR Textiles, S. de R.L. de C.V. (y TJ Factory Clothing)",,"Ensenada, B.C.",OEM,"Estampado y serigrafía textil (acabado, SCIAN 3133)","1 contactos, 0 con correo: buscar correos"
A,México,Estado de México y CDMX,México,ADN Serigrafía,adnserigrafia.com.mx,"Naucalpan de Juárez, Edo. Méx.",Prospecto,"Estampado y serigrafía textil (acabado, SCIAN 3133)",sin contactos
A,México,Estado de México y CDMX,México,Confecciones Clabeck (JHK T-Shirt México),clabeck.com,"Tlalnepantla, Edo. Méx.",OEM,"Maquila de exportación de confección (IMMEX, SCIAN 315)","5 contactos, 2 con correo: buscar correos"
A,México,Estado de México y CDMX,México,"Zentrix, S. de R.L. de C.V.",zentrix.com.mx,"Atizapán de Zaragoza, Edo. Méx.",OEM,"Maquila de exportación de confección (IMMEX, SCIAN 315)","10 contactos, 0 con correo: buscar correos"
A,México,Jalisco,México,Diermi (Playeras Mindy),grupodiermi.com,"Zapopan, Jal.",Prospecto,Ropa deportiva y uniformes (SCIAN 315),sin contactos
A,México,Nuevo León (Monterrey),México,Manufacturas Textiles RF (Reitex),reitex.mx,"Guadalupe, N.L.",Prospecto,Promocionales y prendas publicitarias,"1 contactos, 0 con correo: buscar correos"
A,México,Nuevo León (Monterrey),México,"RMC de México, S.A. de C.V.",,"Linares, N.L.",OEM,Ropa deportiva y uniformes (SCIAN 315),"3 contactos, 0 con correo: buscar correos"
A,México,Puebla y Tlaxcala,México,"California Cutting & Sewing, S.A. de C.V.",,"Santa María Zacatepec, Pue.",OEM,"Maquila de exportación de confección (IMMEX, SCIAN 315)",sin contactos
A,México,Puebla y Tlaxcala,México,Codipsa (San Fernando ScreenPrinting),sanfernando.vicom.mx,"Puebla, Pue.",OEM,Tejido de punto y confección (SCIAN 3132/315),"3 contactos, 0 con correo: buscar correos"
A,México,Puebla y Tlaxcala,México,Serigrafía Textil Automatizada (KW Artículos Promocionales),serigrafiatextil.com.mx,"Puebla, Pue.",Prospecto,"Estampado y serigrafía textil (acabado, SCIAN 3133)",sin contactos
A,México,Veracruz (Xalapa),México,Grumax - Grupo Maquilador de Xalapa (BEX Bordados y Estampados de Xalapa),,"Xalapa, Ver.",OEM,"Maquila de exportación de confección (IMMEX, SCIAN 315)","5 contactos, 0 con correo: buscar correos"
A,Latinoamérica,Caribe,República Dominicana,Gildan Activewear Dominican Republic Textile Company Inc.,gildancorp.com,Santo Domingo,OEM,Tejido de punto y confección,sin contactos
A,Latinoamérica,Caribe,República Dominicana,Serigrafía Moderna,serigrafiamoderna.com.do,Santo Domingo,Prospecto,Estampado y serigrafía textil,sin contactos
A,Latinoamérica,Caribe,Jamaica,Sun Island Jamaica Ltd.,sunislandjamaica.com,Kingston,Prospecto,Tejido de punto y confección,sin contactos
A,Latinoamérica,Caribe,República Dominicana,TCPL The Caribbean Print Limitada S.R.L.,,Barahona,Prospecto,Estampado y serigrafía textil,sin contactos
A,Latinoamérica,Caribe,Haití,The Willbes Haitian S.A. (Screen Printing Shop),,Port-au-Prince,Prospecto,Estampado y serigrafía textil,sin contactos
A,Latinoamérica,Caribe,Haití,Uniwell Apparel,uniwellapparel.com,Ouanaminthe (CODEVI),OEM,Maquila de exportación de confección,sin contactos
A,Latinoamérica,Centroamérica,Guatemala,"ACSA Colors Printing, S.A. (Accesorios Costura y Serigrafía)",,"Mixco, Guatemala",Prospecto,Estampado y serigrafía textil,sin contactos
A,Latinoamérica,Centroamérica,El Salvador,"Apple Tree El Salvador, S.A. de C.V.",appletree1993.com,"San Marcos, San Salvador",OEM,Maquila de exportación de confección,sin contactos
A,Latinoamérica,Centroamérica,El Salvador,"Cygnus Investments, S.A. de C.V. (CYGNUS)",cygnusinv.com,"Olocuilta, La Paz",Prospecto,Estampado y serigrafía textil,sin contactos
A,Latinoamérica,Centroamérica,El Salvador,DecoTex International Ltda. de C.V. (Tegra),decotexintl.com,"Ciudad Arce, La Libertad",Prospecto,Estampado y serigrafía textil,sin contactos
A,Latinoamérica,Centroamérica,Honduras,Gildan Activewear (planta de serigrafía Green Valley),gildancorp.com,"Naco, Quimistán, Santa Bárbara",OEM,Maquila de exportación de confección,sin contactos
A,Latinoamérica,Centroamérica,Honduras,"Hanes Ink Honduras, S.A. de C.V. (Hanesbrands)",hanes.com,"Choloma, Cortés",OEM,Estampado y serigrafía textil,sin contactos
A,Latinoamérica,Centroamérica,El Salvador,Intradeco (Industrias Intradeco),intradeco.com,"Soyapango, San Salvador",OEM,Maquila de exportación de confección,sin contactos
A,Latinoamérica,Centroamérica,Nicaragua,"JJ Serigrafía, S.A. (grupo Hansae)",,Managua,Prospecto,Estampado y serigrafía textil,sin contactos
A,Latinoamérica,Centroamérica,El Salvador,"OA, S.A. de C.V.",oa2012.com,"Olocuilta, La Paz",OEM,Tejido de punto y confección,sin contactos
A,Latinoamérica,Centroamérica,Honduras,Pinehurst Manufacturing,pinehurstmfg.com,"San Pedro Sula, Cortés",Prospecto,Ropa deportiva y uniformes,sin contactos
A,Latinoamérica,Centroamérica,Guatemala,Romatextil,romatextil.com.gt,Ciudad de Guatemala,Prospecto,Ropa deportiva y uniformes,sin contactos
A,Latinoamérica,Centroamérica,Honduras,"Southern Apparel Contractors, S.A. (Tegra)",tegraglobal.com,"San Pedro Sula, Cortés",OEM,Maquila de exportación de confección,sin contactos
A,Latinoamérica,Centroamérica,El Salvador,"Techno Screen, S.A. de C.V.",techno-screen.com,"Antiguo Cuscatlán, La Libertad",Prospecto,Estampado y serigrafía textil,sin contactos
A,Latinoamérica,Sudamérica,Perú,CMT del Sur,,Chincha (Ica),OEM,Maquila de exportación de confección,sin contactos
A,Latinoamérica,Sudamérica,Perú,Confecciones Textimax S.A.,,Lima (Santa Anita),OEM,Maquila de exportación de confección,sin contactos
A,Latinoamérica,Sudamérica,Colombia,Estampados Divitex,en.estampadosdivitex.com,Envigado (Antioquia),Prospecto,Estampado y serigrafía textil,sin contactos
A,Latinoamérica,Sudamérica,Perú,Industrias Nettalco S.A.,nettalco.com.pe,Lima (Ate / Cercado),OEM,Tejido de punto y confección,sin contactos
A,Latinoamérica,Sudamérica,Perú,Precotex S.A.C.,precotex.com,Lima (Ate Vitarte),OEM,Maquila de exportación de confección,sin contactos
A,Latinoamérica,Sudamérica,Colombia,Supertex S.A.,,Yumbo / Cali (Valle del Cauca),OEM,Ropa deportiva y uniformes,sin contactos
A,Latinoamérica,Sudamérica,Perú,Textiles Camones S.A.,textilescamones.com,Lima,OEM,Tejido de punto y confección,sin contactos
A,Latinoamérica,Sudamérica,Perú,Topy Top S.A.,topytop.com.pe,Lima (San Juan de Lurigancho) y Chincha,OEM,Tejido de punto y confección,sin contactos
B,México,Aguascalientes,México,Salazar Cervantes Serigrafía,salazarcervantes.click,"Aguascalientes, Ags.",Prospecto,"Estampado y serigrafía textil (acabado, SCIAN 3133)",sin contactos
B,México,Baja California (Tijuana / Ensenada / Tecate),México,"Baja Skiva Screen Printing, S.A. de C.V.",,"Tijuana, B.C.",OEM,"Estampado y serigrafía textil (acabado, SCIAN 3133)","4 contactos, 0 con correo: buscar correos"
B,México,Estado de México y CDMX,México,Cuidado con el Perro,,"Naucalpan de Juárez, Edo. Méx.",Prospecto,Marca de moda / diseño,"6 contactos, 0 con correo: buscar correos"
B,México,Estado de México y CDMX,México,GOCA'S,gocas.com.mx,Ciudad de México (Col. Algarín),Prospecto,Promocionales y prendas publicitarias,sin contactos
B,México,Estado de México y CDMX,México,Grupo Martex,grupomartex.com,"Naucalpan de Juárez, Edo. Méx.",Prospecto,Ropa deportiva y uniformes (SCIAN 315),sin contactos
B,México,Estado de México y CDMX,México,"Hockey Exportprint, S.A. de C.V.",,"Toluca, Edo. Méx.",OEM,"Maquila de exportación de confección (IMMEX, SCIAN 315)","7 contactos, 0 con correo: buscar correos"
B,México,Estado de México y CDMX,México,"Intimark, S.A. de C.V. (Grupo Brandix)",,"San Bartolo Morelos, Edo. Méx.",OEM,"Maquila de exportación de confección (IMMEX, SCIAN 315)","11 contactos, 0 con correo: buscar correos"
B,México,Estado de México y CDMX,México,"Karabe, S.A. de C.V.",karabe.com.mx,"Naucalpan de Juárez, Edo. Méx.",OEM,Confección de prendas de vestir (SCIAN 315),"9 contactos, 2 con correo: buscar correos"
B,México,Estado de México y CDMX,México,SerigrafiarteSP,serigrafiartesp.com,Ciudad de México,Prospecto,"Estampado y serigrafía textil (acabado, SCIAN 3133)",sin contactos
B,México,Guanajuato,México,Charly (Grupo Charly),,"León, Gto.",Prospecto,Ropa deportiva y uniformes (SCIAN 315),sin contactos
B,México,Guanajuato,México,Galand Serigrafía Textil & DTF,galandserigrafia.com,"León, Gto.",Prospecto,"Estampado y serigrafía textil (acabado, SCIAN 3133)",sin contactos
B,México,Guanajuato,México,Grupo Textil INMA,grupotextilinma.com,"Moroleón, Gto.",Prospecto,Tejido de punto y confección (SCIAN 3132/315),sin contactos
B,México,Guanajuato,México,"Industrias Manufactureras MYR, S.A. de C.V.",,"Irapuato, Gto.",OEM,Ropa deportiva y uniformes (SCIAN 315),"8 contactos, 0 con correo: buscar correos"
B,México,Guanajuato,México,Pirma,pirma.com.mx,"Purísima del Rincón / León, Gto.",Prospecto,Ropa deportiva y uniformes (SCIAN 315),"9 contactos, 0 con correo: buscar correos"
B,México,Guanajuato,México,"Screen Creations de Celaya, S. de R.L. de C.V.",,"Celaya, Gto.",OEM,"Estampado y serigrafía textil (acabado, SCIAN 3133)","5 contactos, 2 con correo: buscar correos"
B,México,Guanajuato,México,Tejidos Gaytán (Grupo Textil),tejidosgaytan.com.mx,"Moroleón, Gto.",Prospecto,"Estampado y serigrafía textil (acabado, SCIAN 3133)","5 contactos, 1 con correo: buscar correos"
B,México,Jalisco,México,Atlética,,"Zapopan, Jal.",Prospecto,Ropa deportiva y uniformes (SCIAN 315),sin contactos
B,México,Jalisco,México,Grupo Textil Román,,"Guadalajara, Jal.",Prospecto,Ropa deportiva y uniformes (SCIAN 315),sin contactos
B,México,Jalisco,México,Neurographics,neurographics.com.mx,"Guadalajara, Jal.",Prospecto,"Estampado y serigrafía textil (acabado, SCIAN 3133)",sin contactos
B,México,Jalisco,México,Romed Sportswear,romed.com.mx,"Zapopan, Jal.",Prospecto,Ropa deportiva y uniformes (SCIAN 315),"2 contactos, 0 con correo: buscar correos"
B,México,Jalisco,México,Uniformes Carmen,uniformescarmen.com.mx,"Guadalajara, Jal.",Prospecto,Ropa deportiva y uniformes (SCIAN 315),sin contactos
B,México,La Laguna (Torreón/Gómez Palacio),México,Apparel International (Manufacturas Lajat),,"Torreón, Coah.",OEM,"Maquila de exportación de confección (IMMEX, SCIAN 315)",sin contactos
B,México,Nuevo León (Monterrey),México,Desarrollo Textil (Sparviero),sparviero.com.mx,"Monterrey, N.L.",Prospecto,Ropa deportiva y uniformes (SCIAN 315),sin contactos
B,México,Nuevo León (Monterrey),México,MUTUO (Maquila de Ropa Deportiva),maquiladeropadeportiva.com,"Monterrey, N.L.",OEM,Ropa deportiva y uniformes (SCIAN 315),"2 contactos, 1 con correo: buscar correos"
B,México,Nuevo León (Monterrey),México,VVF Distribución,vvfdistribucion.mx,"Monterrey, N.L.",Prospecto,Ropa deportiva y uniformes (SCIAN 315),sin contactos
B,México,Puebla y Tlaxcala,México,"A&R Puebla Sportwear, S.A. de C.V.",,"San Pedro Cholula, Pue.",OEM,"Maquila de exportación de confección (IMMEX, SCIAN 315)",sin contactos
B,México,Puebla y Tlaxcala,México,Fábrica María,lamaria.com.mx,"Puebla, Pue.",Prospecto,"Estampado y serigrafía textil (acabado, SCIAN 3133)","4 contactos, 1 con correo: buscar correos"
B,México,Puebla y Tlaxcala,México,"Private Label Tehuacán, S. de R.L. de C.V.",,"Tepanco de López (Tehuacán), Pue.",OEM,"Maquila de exportación de confección (IMMEX, SCIAN 315)",sin contactos
B,México,Puebla y Tlaxcala,México,Serigrafía Puebla,serigrafiapuebla.com,"Puebla, Pue.",Prospecto,"Estampado y serigrafía textil (acabado, SCIAN 3133)",sin contactos
B,México,Puebla y Tlaxcala,México,"Techno Screen Printing, S.A. de C.V.",,"Puebla, Pue.",OEM,"Estampado y serigrafía textil (acabado, SCIAN 3133)","1 contactos, 0 con correo: buscar correos"
B,México,Querétaro,México,Grupo Jasedi,grupojasedi.com,"Querétaro, Qro.",Prospecto,Ropa deportiva y uniformes (SCIAN 315),sin contactos
B,México,Tamaulipas (Reynosa),México,"GFSI Southwest, S. de R.L. de C.V.",,"Reynosa, Tamps.",OEM,"Maquila de exportación de confección (IMMEX, SCIAN 315)","9 contactos, 2 con correo: buscar correos"
B,México,Yucatán (Mérida),México,Tejidos de Punto Wabi (Grupo Wabi),grupowabi.com,"Mérida, Yuc.",Prospecto,Tejido de punto y confección (SCIAN 3132/315),sin contactos
B,México,Yucatán (Mérida),México,Uniformes Yoyo's,yoyos.mx,"Mérida, Yuc.",Prospecto,Ropa deportiva y uniformes (SCIAN 315),sin contactos
B,Latinoamérica,Caribe,República Dominicana,All Sportz Apparel,,Santiago,Prospecto,Ropa deportiva y uniformes,sin contactos
B,Latinoamérica,Caribe,República Dominicana,"Elias & Robin Screen Printing, S.A.",,Moca,Prospecto,Estampado y serigrafía textil,sin contactos
B,Latinoamérica,Caribe,República Dominicana,"Gildan Las Americas, SRL",gildancorp.com,Santo Domingo Este,OEM,Maquila de exportación de confección,sin contactos
B,Latinoamérica,Caribe,República Dominicana,Grafimedios (Grafimedio),grafimedio.com,Santo Domingo,Prospecto,Estampado y serigrafía textil,sin contactos
B,Latinoamérica,Caribe,República Dominicana,Grupo M (Grupo M & CODEVI),grupom.com.do,Santiago,OEM,Tejido de punto y confección,sin contactos
B,Latinoamérica,Caribe,Haití,Hansae Haiti S.A.,,Port-au-Prince,OEM,Maquila de exportación de confección,sin contactos
B,Latinoamérica,Caribe,República Dominicana,Joe-Anne Dominicana Ltd.,,Santiago,OEM,Tejido de punto y confección,sin contactos
B,Latinoamérica,Caribe,Puerto Rico,Rondapro,rondapro.com,Guaynabo,Prospecto,Estampado y serigrafía textil,sin contactos
B,Latinoamérica,Caribe,Haití,S&H Global S.A. (Sae-A),,Caracol,OEM,Maquila de exportación de confección,sin contactos
B,Latinoamérica,Caribe,República Dominicana,SAE-A Dominicana SRL,,"Navarrete, Santiago",OEM,Maquila de exportación de confección,sin contactos
B,Latinoamérica,Caribe,Jamaica,T-Shirt Express,tshirtexpressja.com,Kingston,Prospecto,Estampado y serigrafía textil,sin contactos
B,Latinoamérica,Caribe,Puerto Rico,"T-Shirt Print Xpress, Inc. (TPX)",tpxpr.com,Caguas,Prospecto,Estampado y serigrafía textil,sin contactos
B,Latinoamérica,Caribe,República Dominicana,The Willbes Dominicana Inc.,,Barahona,OEM,Maquila de exportación de confección,sin contactos
B,Latinoamérica,Caribe,República Dominicana,Uniformes Suprema,uniformessuprema.com,Santiago,Prospecto,Ropa deportiva y uniformes,sin contactos
B,Latinoamérica,Caribe,Jamaica,XPress Prints and Manufacturing (antes Soccer Xpress),xpressprintsja.com,Kingston,Prospecto,Ropa deportiva y uniformes,sin contactos
B,Latinoamérica,Caribe,República Dominicana,Zaiek Uniformes,zaiekuniformes.com,Santiago,Prospecto,Ropa deportiva y uniformes,sin contactos
B,Latinoamérica,Centroamérica,Honduras,"Bay Island Sportswear, S. de R.L. de C.V.",bayislandsportswear.com,"San Pedro Sula, Cortés",Prospecto,Ropa deportiva y uniformes,sin contactos
B,Latinoamérica,Centroamérica,El Salvador,"Confecciones del Valle, S.A. de C.V. (Grupo Hilasal)",,"Lourdes Colón, La Libertad",OEM,Tejido de punto y confección,sin contactos
B,Latinoamérica,Centroamérica,El Salvador,"Cusal, Ltda. de C.V.",,"Ciudad Arce, La Libertad",Prospecto,Ropa deportiva y uniformes,sin contactos
B,Latinoamérica,Centroamérica,Guatemala,"El Trazo, S.A.",,Guatemala,OEM,Maquila de exportación de confección,sin contactos
B,Latinoamérica,Centroamérica,Honduras,Elcatex (Grupo Elcatex),elcatex.com,"Choloma, Cortés",OEM,Maquila de exportación de confección,sin contactos
B,Latinoamérica,Centroamérica,El Salvador,"Garan de El Salvador, S.A. de C.V.",garanimals.com,"Lourdes Colón, La Libertad",OEM,Tejido de punto y confección,sin contactos
B,Latinoamérica,Centroamérica,Honduras,"Genesis Apparel, S. de R.L. (Elcatex)",elcatex.com,"Choloma, Cortés",OEM,Maquila de exportación de confección,sin contactos
B,Latinoamérica,Centroamérica,Costa Rica,Grafia (grafia.cr),grafia.cr,San José,Prospecto,Estampado y serigrafía textil,sin contactos
B,Latinoamérica,Centroamérica,Honduras,Grupo Karim's / GK (GK Textile),gkglobal.com,San Pedro Sula / Quimistán,OEM,Maquila de exportación de confección,sin contactos
B,Latinoamérica,Centroamérica,Honduras,"Hanes Choloma, S. de R.L.",hanes.com,"Choloma, Cortés",OEM,Maquila de exportación de confección,sin contactos
B,Latinoamérica,Centroamérica,Guatemala,"Imperial Group (Fábrica de Tejidos Imperial, S.A.)",imperialtex.com,Guatemala,OEM,Tejido de punto y confección,sin contactos
B,Latinoamérica,Centroamérica,Honduras,"Industrias Norteamericanas, S. de R.L. (INAHN)",inahn.com,"Choloma, Cortés",OEM,Tejido de punto y confección,sin contactos
B,Latinoamérica,Centroamérica,El Salvador,"Industrias St. Jack's, S.A. de C.V.",stjacks.com,"Antiguo Cuscatlán, La Libertad",OEM,Tejido de punto y confección,sin contactos
B,Latinoamérica,Centroamérica,El Salvador,"League CA, Ltda. de C.V.",league91.com,"Ciudad Arce, La Libertad",OEM,Maquila de exportación de confección,sin contactos
B,Latinoamérica,Centroamérica,El Salvador,"Opico Textiles, S.A. de C.V. (Textiles Opico)",texops.com,"San Juan Opico, La Libertad",Prospecto,Ropa deportiva y uniformes,sin contactos
B,Latinoamérica,Centroamérica,Honduras,"Powers Athletic de Honduras, S.A. de C.V.",powersathletic.com,"San Pedro Sula, Cortés",Prospecto,Ropa deportiva y uniformes,sin contactos
B,Latinoamérica,Centroamérica,Honduras,"Providence Honduras, S.A. (Intradeco)",intradeco.com,"Villanueva, Cortés",OEM,Maquila de exportación de confección,sin contactos
B,Latinoamérica,Centroamérica,El Salvador,"Supertex El Salvador, S.A. de C.V.",supertex.com.sv,"Chalchuapa, Santa Ana",Prospecto,Ropa deportiva y uniformes,sin contactos
B,Latinoamérica,Centroamérica,Costa Rica,Textiles 506,textiles506.com,Costa Rica,Prospecto,Ropa deportiva y uniformes,sin contactos
B,Latinoamérica,Centroamérica,El Salvador,UNDESA Manufacturing (UNDESA SV),undesathor.com,El Salvador,OEM,Ropa deportiva y uniformes,sin contactos
B,Latinoamérica,Centroamérica,El Salvador,Varsity Pro Ltda. de C.V.,,"Ciudad Arce, La Libertad",Prospecto,Ropa deportiva y uniformes,sin contactos
B,Latinoamérica,Centroamérica,El Salvador,"Westtex Apparel, S.A. de C.V.",westtexapparel.com,"Ilopango, San Salvador",OEM,Tejido de punto y confección,sin contactos
B,Latinoamérica,Centroamérica,El Salvador,"Youngone El Salvador, S.A. de C.V.",,"Olocuilta, La Paz",OEM,Ropa deportiva y uniformes,sin contactos
B,Latinoamérica,Sudamérica,Colombia,C.I. El Globo S.A.S.,,Medellín,OEM,Maquila de exportación de confección,sin contactos
B,Latinoamérica,Sudamérica,Brasil,Cia. Hering (Grupo Azzas 2154),,Blumenau (Santa Catarina),Prospecto,Tejido de punto y confección,sin contactos
B,Latinoamérica,Sudamérica,Perú,Cotton Knit S.A.C.,cottonknit.com,Lima (Ate),OEM,Tejido de punto y confección,sin contactos
B,Latinoamérica,Sudamérica,Colombia,Creajeans S.A.S.,,Bello (Antioquia),OEM,Maquila de exportación de confección,sin contactos
B,Latinoamérica,Sudamérica,Perú,Creditex S.A.A.,creditex.com.pe,Lima (Ate),OEM,Tejido de punto y confección,sin contactos
B,Latinoamérica,Sudamérica,Colombia,Crystal S.A.S.,crystal.com.co,Medellín / Marinilla / Sabaneta (Antioquia),OEM,Maquila de exportación de confección,sin contactos
B,Latinoamérica,Sudamérica,Perú,Devanlay Perú S.A.C.,,Lima,OEM,Maquila de exportación de confección,sin contactos
B,Latinoamérica,Sudamérica,Perú,Industria Textil del Pacífico S.A.,,Lima,OEM,Tejido de punto y confección,sin contactos
B,Latinoamérica,Sudamérica,Colombia,Industrias Printex S.A.S.,,La Tebaida (Quindío),OEM,Maquila de exportación de confección,sin contactos
B,Latinoamérica,Sudamérica,Colombia,Manufacturas Eliot S.A.S.,,Bogotá,Prospecto,Tejido de punto y confección,sin contactos
B,Latinoamérica,Sudamérica,Ecuador,Pasamanería S.A. (marca PASA),,Cuenca (Azuay),Prospecto,Tejido de punto y confección,sin contactos
B,Latinoamérica,Sudamérica,Colombia,Planet Colors Design S.A.S.,,Medellín,Prospecto,Estampado y serigrafía textil,sin contactos
B,Latinoamérica,Sudamérica,Ecuador,Printser,printser-ec.com,Guayaquil,Prospecto,Estampado y serigrafía textil,sin contactos
B,Latinoamérica,Sudamérica,Perú,Texgroup S.A.,,Lima (Ate),OEM,Maquila de exportación de confección,sin contactos
B,Latinoamérica,Sudamérica,Perú,Textil del Valle S.A. (TDV),,Chincha (Ica),OEM,Maquila de exportación de confección,sin contactos
B,Latinoamérica,Sudamérica,Perú,Textile Sourcing Company S.A.C.,,Chincha (Ica),OEM,Maquila de exportación de confección,sin contactos
C,México,Aguascalientes,México,Blanqo MX,instagram.com,"Aguascalientes, Ags.",Prospecto,,sin contactos
C,México,Aguascalientes,México,Satin Export,satinexport.com,"Aguascalientes, Ags.",Prospecto,,sin contactos
C,México,Aguascalientes,México,Uniformes Breceda,uniformesbreceda.com,"Aguascalientes, Ags.",Prospecto,,sin contactos
C,México,Baja California (Tijuana / Ensenada / Tecate),México,"Baja Screen Print International, S. de R.L. de C.V.",,"Tecate, B.C.",OEM,"Estampado y serigrafía textil (acabado, SCIAN 3133)",sin contactos
C,México,Estado de México y CDMX,México,Arlin Sport (SWING),ropadeportivaswing.com,"Naucalpan de Juárez, Edo. Méx.",Prospecto,,sin contactos
C,México,Estado de México y CDMX,México,"High Impact, S.A. de C.V.",highimpact.com.mx,Ciudad de México (Vallejo),Prospecto,,sin contactos
C,México,Estado de México y CDMX,México,Optima Mayoreo,optimamayoreo.com.mx,"Naucalpan de Juárez, Edo. Méx.",Prospecto,,sin contactos
C,México,Guanajuato,México,BV Uniformes,bvuniformes.com,"León, Gto.",Prospecto,,sin contactos
C,México,Guanajuato,México,Modalandia,modalandia.com,"Moroleón, Gto.",Prospecto,,sin contactos
C,México,Guanajuato,México,Prosutex,,"León, Gto.",Prospecto,,sin contactos
C,México,Hidalgo,México,Tejitex,tejitex.mx,"Tulancingo, Hgo.",OEM,Tejido de punto y confección (SCIAN 3132/315),sin contactos
C,México,Jalisco,México,Confecciones Maklis,,"Guadalajara, Jal.",OEM,,sin contactos
C,México,Jalisco,México,GigaFitness (Grupo Publicitario Textil Gigam),facebook.com,"Guadalajara, Jal.",Prospecto,,sin contactos
C,México,Jalisco,México,Textil Surtimoda,instagram.com,"Zapotlanejo, Jal.",Prospecto,,sin contactos
C,México,Jalisco,México,"Top Moda y Uniformes, S.A. de C.V.",topuniformes.mx,"Guadalajara, Jal.",Prospecto,,sin contactos
C,México,La Laguna (Torreón/Gómez Palacio),México,"Confecciones Jumaco, S.A. de C.V.",,"Gómez Palacio, Dgo.",OEM,,sin contactos
C,México,La Laguna (Torreón/Gómez Palacio),México,Grupo Denim,,"Gómez Palacio, Dgo.",OEM,,sin contactos
C,México,La Laguna (Torreón/Gómez Palacio),México,"TBG Apparel, S. de R.L. de C.V.",,"Nazareno (Lerdo), Dgo.",OEM,"Maquila de exportación de confección (IMMEX, SCIAN 315)",sin contactos
C,México,La Laguna (Torreón/Gómez Palacio),México,Uniformes Xpresion,xpresionuniformesmx.com,Torreón / La Laguna,Prospecto,,sin contactos
C,México,Nuevo León (Monterrey),México,Camisetas Monterrey,camisetasmonterrey.com.mx,"Monterrey, N.L.",Prospecto,,sin contactos
C,México,Puebla y Tlaxcala,México,AML Textil,amltextil.com,"Contla, Tlax.",Prospecto,,sin contactos
C,México,Puebla y Tlaxcala,México,"Chilian Screen Printing, S.A. de C.V.",,"Santa Isabel Cholula, Pue.",OEM,"Estampado y serigrafía textil (acabado, SCIAN 3133)",sin contactos
C,México,Puebla y Tlaxcala,México,Confecciones Romers,facebook.com,Tlaxcala (zona Puebla-Tlaxcala),Prospecto,,sin contactos
C,México,Puebla y Tlaxcala,México,"Domenico Internacional, S.A. de C.V.",,"San Andrés Cholula, Pue.",OEM,,sin contactos
C,México,Puebla y Tlaxcala,México,ITIPSA Estampados,estampados.itipsa.com,"Puebla, Pue.",Prospecto,,sin contactos
C,México,Puebla y Tlaxcala,México,"Skyrina, S.A. de C.V.",,"Acajete, Pue.",OEM,Confección de prendas de vestir (SCIAN 315),sin contactos
C,México,Querétaro,México,Playeras Garvel,playerasgarvel.com,"Querétaro, Qro.",Prospecto,,sin contactos
C,México,Querétaro,México,Uniformes Universo,uniformesuniverso.com.mx,"Querétaro, Qro.",Prospecto,,sin contactos
C,México,Querétaro,México,Uniformes en Querétaro,uniformesenqueretaro.com.mx,"Querétaro, Qro.",Prospecto,,sin contactos
C,México,Yucatán (Mérida),México,Monty Industries,,"Motul, Yuc.",OEM,,sin contactos
C,México,Yucatán (Mérida),México,Operadora Ganso Azul,,Yucatán,Prospecto,,sin contactos
C,Latinoamérica,Caribe,Puerto Rico,AD Group (Uniformes Puerto Rico),uniformespr.com,Puerto Rico,Prospecto,Ropa deportiva y uniformes,sin contactos
C,Latinoamérica,Caribe,República Dominicana,"DMG International, Inc.",,"Villa González, Santiago",OEM,Maquila de exportación de confección,sin contactos
C,Latinoamérica,Caribe,Haití,Everest Apparel (Haiti) S.A.,,Caracol,OEM,Maquila de exportación de confección,sin contactos
C,Latinoamérica,Caribe,República Dominicana,"Garmy Sports Products, LLC",,Moca,Prospecto,Ropa deportiva y uniformes,sin contactos
C,Latinoamérica,Caribe,República Dominicana,M&T Global,,Santiago / La Vega,OEM,Maquila de exportación de confección,sin contactos
C,Latinoamérica,Caribe,Haití,MD Industries,,Ouanaminthe (CODEVI),OEM,Maquila de exportación de confección,sin contactos
C,Latinoamérica,Caribe,República Dominicana,Mi Taller de Impresos,mitallerdeimpresos.com,Santo Domingo,Prospecto,Estampado y serigrafía textil,sin contactos
C,Latinoamérica,Caribe,Haití,"Palm, S.A.",,Port-au-Prince,OEM,Maquila de exportación de confección,sin contactos
C,Latinoamérica,Caribe,Puerto Rico,TRANSOM,transompr.com,Puerto Rico,Prospecto,Estampado y serigrafía textil,sin contactos
C,Latinoamérica,Caribe,República Dominicana,Universal Athletics,,San Cristóbal,Prospecto,Ropa deportiva y uniformes,sin contactos
C,Latinoamérica,Caribe,Haití,Valdor Apparel,,Croix-des-Bouquets (Port-au-Prince),OEM,Maquila de exportación de confección,sin contactos
C,Latinoamérica,Caribe,República Dominicana,World Emblem (planta Zona Franca Tamboril),worldemblem.com,Santiago,Prospecto,Estampado y serigrafía textil,sin contactos
C,Latinoamérica,Centroamérica,Costa Rica,Arte Textil (Uniformes Arte Textil),uniformesartetextil.com,Costa Rica,Prospecto,Ropa deportiva y uniformes,sin contactos
C,Latinoamérica,Centroamérica,Guatemala,BrandLab GT,brandlabgt.com,Guatemala,Prospecto,Estampado y serigrafía textil,sin contactos
C,Latinoamérica,Centroamérica,El Salvador,"Chi Fung, S.A. de C.V.",,"Apopa, San Salvador",OEM,Maquila de exportación de confección,sin contactos
C,Latinoamérica,Centroamérica,Honduras,"Jerzees Nuevo Día, S. de R.L. de C.V. (Fruit of the Loom)",fruit.com,"Choloma, Cortés",OEM,Maquila de exportación de confección,sin contactos
C,Latinoamérica,Centroamérica,El Salvador,Lamatepec Manufacturing Ltda. de C.V.,,"Ciudad Arce, La Libertad",OEM,Tejido de punto y confección,sin contactos
C,Latinoamérica,Centroamérica,Panamá,MultiGraphics Panamá,multigraphics.com.pa,Ciudad de Panamá,Prospecto,Estampado y serigrafía textil,sin contactos
C,Latinoamérica,Centroamérica,Panamá,Print House Panamá,printhousepanama.com,Ciudad de Panamá,Prospecto,Estampado y serigrafía textil,sin contactos
C,Latinoamérica,Centroamérica,Honduras,"Soltex America, S. de R.L.",,"San Pedro Sula, Cortés",OEM,Maquila de exportación de confección,sin contactos
C,Latinoamérica,Centroamérica,Guatemala,"Textiles Intebonsa, S.A.",intebonsa.com,Quetzaltenango,OEM,Tejido de punto y confección,sin contactos
C,Latinoamérica,Sudamérica,Perú,Alianza Color S.A.C.,,Lima (Ate),OEM,Tejido de punto y confección,sin contactos
C,Latinoamérica,Sudamérica,Colombia,Artextil,artextil.com.co,Itagüí (Antioquia) y Sangolquí (Ecuador),Prospecto,Estampado y serigrafía textil,sin contactos
C,Latinoamérica,Sudamérica,Colombia,Barranquilla Industrial de Confecciones S.A.,,Barranquilla (Atlántico),OEM,Maquila de exportación de confección,sin contactos
C,Latinoamérica,Sudamérica,Colombia,C.I. Hermeco S.A. (OFFCORSS),,Medellín,Prospecto,Tejido de punto y confección,sin contactos
C,Latinoamérica,Sudamérica,Colombia,C.I. Jeans S.A.,,Antioquia (área de Medellín),OEM,Maquila de exportación de confección,sin contactos
C,Latinoamérica,Sudamérica,Perú,COFACO Industries S.A.C.,,Lima,OEM,Maquila de exportación de confección,sin contactos
C,Latinoamérica,Sudamérica,Perú,Diseño ACMM S.A.C.,,Lima (Ate),OEM,Maquila de exportación de confección,sin contactos
C,Latinoamérica,Sudamérica,Chile,Estampados Industriales SpA,,Santiago (Independencia),Prospecto,Estampado y serigrafía textil,sin contactos
C,Latinoamérica,Sudamérica,Colombia,Everfit S.A.,,Medellín,OEM,Maquila de exportación de confección,sin contactos
C,Latinoamérica,Sudamérica,Colombia,Expofaro S.A.S.,,Itagüí (Antioquia),OEM,Maquila de exportación de confección,sin contactos
C,Latinoamérica,Sudamérica,Argentina,JD Tex Indumentaria S.A.,,Luján (Buenos Aires),OEM,Maquila de exportación de confección,sin contactos
C,Latinoamérica,Sudamérica,Chile,Manchetti Estampados,,Santiago (Cerro Navia),Prospecto,Estampado y serigrafía textil,sin contactos
C,Latinoamérica,Sudamérica,Colombia,Nicole S.A.S.,,Dosquebradas (Risaralda),OEM,Estampado y serigrafía textil,sin contactos
C,Latinoamérica,Sudamérica,Perú,Peru Fashions S.A.C.,,Lima (Puente Piedra),OEM,Maquila de exportación de confección,sin contactos
C,Latinoamérica,Sudamérica,Argentina,R&A Indumentaria S.R.L.,,"Villa Lynch, San Martín (Buenos Aires)",OEM,Maquila de exportación de confección,sin contactos
C,Latinoamérica,Sudamérica,Argentina,R.A. Intertrading S.A.,,Ciudad de Buenos Aires,OEM,Ropa deportiva y uniformes,sin contactos
C,Latinoamérica,Sudamérica,Perú,Southern Textile Network,,Lima (según dirección OSH; verificar),OEM,Maquila de exportación de confección,sin contactos
C,Latinoamérica,Sudamérica,Perú,Sur Color Star S.A.,,Lima (San Juan de Lurigancho),OEM,Tejido de punto y confección,sin contactos
C,Latinoamérica,Sudamérica,Argentina,Textil Sport Tech S.A.,,San Martín / Luján (Buenos Aires),OEM,Ropa deportiva y uniformes,sin contactos
