Vertical,Pais,Lado,Empresa,Contacto,Puesto,Funcion,Ciudad,Estado,Email,Telefono,Segmento,Prioridad,LinkedIn,Fuente,Origen,electronica,nivel,region,severidad,motivo_riesgo
Electronica,Mexico,Demanda,Safran Electronics & Defense,Harumi Kiyota,"Manager, Manufacturing",Técnico / Procesos,Mexicali,BC,harumi.kiyota@safrangroup.com (inferido),,Aeroespacial/Defensa,,,Estudio_Electronica_Mexico_ESTRUCTURADO_ES.xlsx,Contactos,,Gerente,MX,ALTA,correo malformado o inferido
Electronica,Mexico,Demanda,SIIX EMS Mexico,Oscar Adrian Sanchez,"Manager, SMT Maintenance & Process Engineering",Técnico / Procesos,San Luis Potosi,San Luis Potosi,osanchez@siix.co.jp,,Automotriz,,,Estudio_Electronica_Mexico_ESTRUCTURADO_ES.xlsx,Contactos,,Gerente,MX,ALTA,dominio de matriz extranjera en contacto LATAM (patron SIIX)
Electronica,Mexico,Demanda,SIT SpA,Grecia Siller,Electronic Category Manager,Otro,,Por confirmar,grecia.siller@sitgroup.it,,OEM / Otro,,,Estudio_Electronica_Mexico_ESTRUCTURADO_ES.xlsx,Contactos,,Gerente,MX,ALTA,dominio de matriz extranjera en contacto LATAM (patron SIIX)
Electronica,Mexico,Demanda,Fagor Electronica,Jairo Aguirre Urreta,EMS Business Director,Otro,Arrasate,(Espana),jaguirreurreta@fagorelectronica.es,,OEM / Otro,,,Estudio_Electronica_Mexico_ESTRUCTURADO_ES.xlsx,Contactos,,Director,MX,ALTA,dominio de matriz extranjera en contacto LATAM (patron SIIX)
Electronica,Mexico,Demanda,Fagor Electronica,Carlos Martinez,(por confirmar),Otro,(por confirmar),(Espana),cmartinez@fagorelectronica.es,,OEM / Otro,,,Estudio_Electronica_Mexico_ESTRUCTURADO_ES.xlsx,Contactos,,No-Gerencial,MX,ALTA,dominio de matriz extranjera en contacto LATAM (patron SIIX)
Electronica,Mexico,Demanda,Sumitomo Electric (SEI),Takahisa Kawai,(por confirmar),Otro,(por confirmar),(Japon),kawai-takahisa@sei.co.jp,,Automotriz,,,Estudio_Electronica_Mexico_ESTRUCTURADO_ES.xlsx,Contactos,,No-Gerencial,MX,ALTA,dominio de matriz extranjera en contacto LATAM (patron SIIX)
Electronica,Mexico,Demanda,American Axle & Manufacturing,Kevin Espinoza Vázquez,Indirect Buyer AAM,Compras / Sourcing,Irapuato,(por confirmar),kevin_espinoza95@outlook.com,,OEM / Otro,,,Estudio_Electronica_Mexico_ESTRUCTURADO_ES.xlsx,Contactos,,Director,MX,MEDIA,"dominio personal/gratuito, no corporativo"
Electronica,Mexico,Demanda,bos,Evelyn Rodriguez,compras,Compras / Sourcing,(por confirmar),(por confirmar),evrodriguez@bos.de,,Automotriz,,,Estudio_Electronica_Mexico_ESTRUCTURADO_ES.xlsx,Contactos,,No-Gerencial,MX,ALTA,dominio de matriz extranjera en contacto LATAM (patron SIIX)
Electronica,Mexico,Demanda,Centracore,Ivan Valencia,Compras,Compras / Sourcing,(por confirmar),(por confirmar),compras@centracore.com,461 252 1089,OEM / Otro,,,Estudio_Electronica_Mexico_ESTRUCTURADO_ES.xlsx,Contactos,,No-Gerencial,MX,MEDIA,"buzon generico, no nominal"
Electronica,Mexico,Demanda,dahs.co.kr,Imelda Garcia,Comprador,Compras / Sourcing,(por confirmar),(por confirmar),comprador1@dahs.co.kr,,OEM / Otro,,,Estudio_Electronica_Mexico_ESTRUCTURADO_ES.xlsx,Contactos,,No-Gerencial,MX,ALTA,dominio de matriz extranjera en contacto LATAM (patron SIIX)
Electronica,Mexico,Demanda,"GST AutoLeather, Inc.",Daniel Escuder,Purchasing Coordinator,Compras / Sourcing,"León, Guanajuato, México",(por confirmar),daniel.escuder@outlook.com,,OEM / Otro,,,Estudio_Electronica_Mexico_ESTRUCTURADO_ES.xlsx,Contactos,,C-Level,MX,MEDIA,"dominio personal/gratuito, no corporativo"
Electronica,Mexico,Demanda,"Revere Plastics Systems, LLC",Alejandro Rodriguez,Junior Buyer,Compras / Sourcing,"Coahuila de Zaragoza, México",(por confirmar),ardzfdz13@outlook.com,8443217653,OEM / Otro,,,Estudio_Electronica_Mexico_ESTRUCTURADO_ES.xlsx,Contactos,,No-Gerencial,MX,MEDIA,"dominio personal/gratuito, no corporativo"
Electronica,Mexico,Demanda,sag.at,David Gomez Hernandez,Ingeniero industrial,Técnico / Procesos,(por confirmar),Edo Mex,david.gomez@sag.at,,OEM / Otro,,,Estudio_Electronica_Mexico_ESTRUCTURADO_ES.xlsx,Contactos,,No-Gerencial,MX,ALTA,dominio de matriz extranjera en contacto LATAM (patron SIIX)
Electronica,Mexico,Demanda,Stepan Company,Eduardo Portales,Indirect Purchasing Coordinator,Compras / Sourcing,Tamaulipas,(por confirmar),eduardo.portales@outlook.com,,OEM / Otro,,,Estudio_Electronica_Mexico_ESTRUCTURADO_ES.xlsx,Contactos,,C-Level,MX,MEDIA,"dominio personal/gratuito, no corporativo"
Electronica,Mexico,Demanda,utcj.edu.mx,Julieta Trujillo,Comprador,Compras / Sourcing,(por confirmar),(por confirmar),julieta_trujillo@utcj.edu.mx,,OEM / Otro,,,Estudio_Electronica_Mexico_ESTRUCTURADO_ES.xlsx,Contactos,,No-Gerencial,MX,ALTA,"dominio educativo, no es la empresa"
Electronica,Mexico,Demanda,"INTEC DE MÉXICO, S.A.P.I. DE C.V.",Lic. Martín Granados,Gerente de Compras,Compras / Sourcing,"México, CDMX",,compras@intec.com.mx,,OEM / Otro,,,Estudio_Electronica_Mexico_ESTRUCTURADO_ES.xlsx,Contactos,,Gerente,MX,MEDIA,"buzon generico, no nominal"
Electronica,Mexico,Demanda,"POTENCIA INDUSTRIAL, S.A. DE C.V.",Lic. Roberto Gotlfried Blackmore,Director General,Otro,"México, CDMX",,potenciasa@aol.com,,OEM / Otro,,,Estudio_Electronica_Mexico_ESTRUCTURADO_ES.xlsx,Contactos,,Director,MX,MEDIA,"dominio personal/gratuito, no corporativo"
Electronica,Mexico,Demanda,"ELECTROTÉRMICA NACIONAL, S.A. DE C.V.",Lic. Tomás Strausz Feher,Director General,Otro,"México, CDMX",,info@ensa.com.mx,,OEM / Otro,,,Estudio_Electronica_Mexico_ESTRUCTURADO_ES.xlsx,Contactos,,Director,MX,MEDIA,"buzon generico, no nominal"
Electronica,Mexico,Demanda,"TECNOLOGÍAS UNIDAS, S.A. DE C.V.",Sra. Fátima Garduño,Gerente de Compras,Compras / Sourcing,"México, CDMX",,compras@complet.com.mx,,OEM / Otro,,,Estudio_Electronica_Mexico_ESTRUCTURADO_ES.xlsx,Contactos,,Gerente,MX,MEDIA,"buzon generico, no nominal"
Electronica,Mexico,Demanda,"DURO DE MÉXICO, S.A. DE C.V.",Srita. Rosalina Varela Rojas,Encargado de Compras,Compras / Sourcing,"Tultitlán, Méx.",,compras@duromex.com.mx,,OEM / Otro,,,Estudio_Electronica_Mexico_ESTRUCTURADO_ES.xlsx,Contactos,,No-Gerencial,MX,MEDIA,"buzon generico, no nominal"
Electronica,Mexico,Demanda,BOLT ENERGY,(contacto general),(giro: FABRICACIÓN DE EQUIPOS Y APARA),Otro,Torreón,Coahuila de Zaragoza,bemexsoluciones@gmail.com,,OEM / Otro,,,Estudio_Electronica_Mexico_ESTRUCTURADO_ES.xlsx,Contactos,,No-Gerencial,MX,MEDIA,"dominio personal/gratuito, no corporativo"
Electronica,Mexico,Demanda,AR CONTROLS LLC,Rafael Cruz,,Otro,,,arind@prodigy.net.mx,656-2150127,OEM / Otro,,,Estudio_Electronica_Mexico_ESTRUCTURADO_ES.xlsx,Contactos,,No-Gerencial,MX,MEDIA,"dominio personal/gratuito, no corporativo"
Electronica,Mexico,Demanda,Automation Supply,Ana Lucero,,Otro,,,sales@automation-supply.net,915 849-1309,OEM / Otro,,,Estudio_Electronica_Mexico_ESTRUCTURADO_ES.xlsx,Contactos,,No-Gerencial,MX,MEDIA,"buzon generico, no nominal"
Electronica,Mexico,Demanda,"AUTOMATIZACIONES RUSEMI, S. DE RL. DE CV.",Oscar Gomez,,Otro,,,ade_juarez@prodigy.net.mx,+52 656 6266455,Semiconductores,,,Estudio_Electronica_Mexico_ESTRUCTURADO_ES.xlsx,Contactos,,No-Gerencial,MX,MEDIA,"dominio personal/gratuito, no corporativo"
Electronica,Mexico,Demanda,FX AUTOMATION,Pavel Vazquez,,Otro,,,pavel.vazquez@outlook.com,6566995876,OEM / Otro,,,Estudio_Electronica_Mexico_ESTRUCTURADO_ES.xlsx,Contactos,,No-Gerencial,MX,MEDIA,"dominio personal/gratuito, no corporativo"
Electronica,Mexico,Demanda,MOL AUTOMATION,Beatriz Mendez,,Otro,,,compras@molautomation.com,+52 656 406 0786,OEM / Otro,,,Estudio_Electronica_Mexico_ESTRUCTURADO_ES.xlsx,Contactos,,No-Gerencial,MX,MEDIA,"buzon generico, no nominal"
Electronica,Mexico,Demanda,SHEPHERD CONTROLS & ASSOCIATES,Juan Lopez,,Otro,,,jslopezflores@miners.utep.edu,9153551684,OEM / Otro,,,Estudio_Electronica_Mexico_ESTRUCTURADO_ES.xlsx,Contactos,,No-Gerencial,MX,ALTA,"dominio educativo, no es la empresa"
Electronica,Mexico,Demanda,VI Automation,Fernando Guillen,,Otro,,,info@viautomation.com,9154004254,OEM / Otro,,,Estudio_Electronica_Mexico_ESTRUCTURADO_ES.xlsx,Contactos,,No-Gerencial,MX,MEDIA,"buzon generico, no nominal"
Electronica,Mexico,Demanda,"CORPORACIÓN MANDRINKA, S.A. DE C.V.",Ambrosio Pérez,Jefe de Compras,Compras / Sourcing,"Cuautitlán Izcalli, Méx.",,compras@crossline.com.mx,,OEM / Otro,,,Estudio_Electronica_Mexico_ESTRUCTURADO_ES.xlsx,Contactos,,Gerente,MX,MEDIA,"buzon generico, no nominal"
Electronica,Mexico,Demanda,"ELECTRO OPTICAS SUPERIOR, S.A. DE C.V.",(contacto general),(giro: FABRIC. DE PLACAS Y ARNESES DETE),Otro,TIJUANA,BAJA CALIFORNIA,plantmgr@telnor.net; otoniel.bedolla@lmco.com,(664 )6261530; 6261531,OEM / Otro,,,Estudio_Electronica_Mexico_ESTRUCTURADO_ES.xlsx,Contactos,,No-Gerencial,MX,ALTA,correo malformado o inferido
Electronica,Mexico,Demanda,"STC INTERNACIONAL, S.A. DE C.V.",(contacto general),(giro: SUBENSAMBLE DE ELECTRONICA),Otro,TIJUANA,BAJA CALIFORNIA,melchimg@yahoo.com,(664 )6981771,OEM / Otro,,,Estudio_Electronica_Mexico_ESTRUCTURADO_ES.xlsx,Contactos,,No-Gerencial,MX,MEDIA,"dominio personal/gratuito, no corporativo"
Electronica,Mexico,Demanda,"SWITCH LUZ, S.A.",(contacto general),(giro: FABRICACION Y ENSAMBLE DE ARTS. ),Otro,TIJUANA,BAJA CALIFORNIA,davidberruecos75@hotmail.com,(664 )6868088; 6868903,OEM / Otro,,,Estudio_Electronica_Mexico_ESTRUCTURADO_ES.xlsx,Contactos,,No-Gerencial,MX,MEDIA,"dominio personal/gratuito, no corporativo"
Electronica,Mexico,Demanda,"TRANSMEX  INTERNACIONAL,  S.A.",(contacto general),(giro: ENSAMBLE DE CIRCUITOS IMPRESOS (),Otro,TIJUANA,BAJA CALIFORNIA,transmex@telnor.net; mario.rodriguez@transmex.net,(664 )6815027; 6815028,OEM / Otro,,,Estudio_Electronica_Mexico_ESTRUCTURADO_ES.xlsx,Contactos,,No-Gerencial,MX,ALTA,correo malformado o inferido
Electronica,Mexico,Demanda,"TOA MANUFACTURING DE MEXICO, S.A. DE C.V.",(contacto general),(giro: ENSAMBLE DE COMPONENTES ELECTRON),Otro,TIJUANA,BAJA CALIFORNIA,sales@toaeande.com,(664 )6274918,OEM / Otro,,,Estudio_Electronica_Mexico_ESTRUCTURADO_ES.xlsx,Contactos,,No-Gerencial,MX,MEDIA,"buzon generico, no nominal"
Electronica,Mexico,Demanda,"ENSAMBLADORA ALTECSA, S.A. DE C.V.",(contacto general),(giro: MAQUILA DE ARTICULOS ELECTRONICO),Otro,TIJUANA,BAJA CALIFORNIA,vicmarassy@prodigy.net.mx,(664 )6806459,OEM / Otro,,,Estudio_Electronica_Mexico_ESTRUCTURADO_ES.xlsx,Contactos,,No-Gerencial,MX,MEDIA,"dominio personal/gratuito, no corporativo"
Electronica,Mexico,Demanda,"INDUSTRIA MEXICANA DE ENSAMBLE ELECTRONICO, S.A.",(contacto general),(giro: MANUFACTURA DE APARATOS ELECTRON),Técnico / Procesos,TIJUANA,BAJA CALIFORNIA,1imeesaa@prodigy.net.mx,(664 )6231403,OEM / Otro,,,Estudio_Electronica_Mexico_ESTRUCTURADO_ES.xlsx,Contactos,,No-Gerencial,MX,MEDIA,"dominio personal/gratuito, no corporativo"
Electronica,Mexico,Demanda,"PHOTOVOLTAIC & ELECTRIC, S.A. DE C.V.",(contacto general),(giro: ENSAMBLE DE PANELES SOLARES Y EL),Otro,TIJUANA,BAJA CALIFORNIA,martin2132@hotmail.com,(664 )9004968,OEM / Otro,,,Estudio_Electronica_Mexico_ESTRUCTURADO_ES.xlsx,Contactos,,No-Gerencial,MX,MEDIA,"dominio personal/gratuito, no corporativo"
Electronica,Mexico,Demanda,"MANUFACTURERA BAJAMEX, S.A. DE C.V.",(contacto general),(giro: MAQUILA DE PRODUCTOS ELECTRONICO),Otro,TIJUANA,BAJA CALIFORNIA,mba1@prodigy.net.mx,(664 )6239077,OEM / Otro,,,Estudio_Electronica_Mexico_ESTRUCTURADO_ES.xlsx,Contactos,,No-Gerencial,MX,MEDIA,"dominio personal/gratuito, no corporativo"
Electronica,Mexico,Demanda,"KEY EAST DE MEXICO, S.A. DE C.V.",(contacto general),(giro: MAQUILA ELECTRONICA),Otro,TIJUANA,BAJA CALIFORNIA,veferdi@hotmail.com,(664 )6860752,OEM / Otro,,,Estudio_Electronica_Mexico_ESTRUCTURADO_ES.xlsx,Contactos,,No-Gerencial,MX,MEDIA,"dominio personal/gratuito, no corporativo"
Electronica,Mexico,Demanda,AJOSIA ENSAMBLADORA Y MANUFACTURAS S.A. DE C.V.,(contacto general),(giro: ENSAMBLE DE COMPONENTE ELECTRONI),Otro,TECATE,BAJA CALIFORNIA,info@ajosia.com,(665 )6543190,OEM / Otro,,,Estudio_Electronica_Mexico_ESTRUCTURADO_ES.xlsx,Contactos,,No-Gerencial,MX,MEDIA,"buzon generico, no nominal"
Electronica,Mexico,Demanda,"COMPLEJO MANUFACTURERO DE BAJA, S. DE R.L. DE C.V.",(contacto general),(giro: MAQUILA DE PROD. ELECTRONICOS PA),Otro,TIJUANA,BAJA CALIFORNIA,bajamex1@prodigy.net.mx,(664 )6239077,OEM / Otro,,,Estudio_Electronica_Mexico_ESTRUCTURADO_ES.xlsx,Contactos,,No-Gerencial,MX,MEDIA,"dominio personal/gratuito, no corporativo"
Electronica,Mexico,Demanda,"PULSE POWER DE MEXICO, S.A. DE C.V.",(contacto general),(giro: ENSAMBLE DE TARJETAS ELECTRICAS ),Otro,TIJUANA,BAJA CALIFORNIA,oetchverry@pulse cm.com,(664 )6249300,OEM / Otro,,,Estudio_Electronica_Mexico_ESTRUCTURADO_ES.xlsx,Contactos,,No-Gerencial,MX,ALTA,correo malformado o inferido
Electronica,Mexico,Demanda,"STARION MEXICO, S.A. DE C.V.",(contacto general),(giro: PARTES ELECTRONICAS PARA T.V.),Otro,MEXICALI,BAJA CALIFORNIA,rtharos@yahoo.com.mx,(686 )5800004,OEM / Otro,,,Estudio_Electronica_Mexico_ESTRUCTURADO_ES.xlsx,Contactos,,No-Gerencial,MX,MEDIA,"dominio personal/gratuito, no corporativo"
Electronica,Mexico,Demanda,"VIGOBYTE DE MEXICO, S.A. DE C.V.",(contacto general),(giro: ENSAMBLE DE DISPOSITIVOS ELECTRO),Otro,TIJUANA,BAJA CALIFORNIA,ventas@vigobyte.com.mx,(664)6822969,OEM / Otro,,,Estudio_Electronica_Mexico_ESTRUCTURADO_ES.xlsx,Contactos,,No-Gerencial,MX,MEDIA,"buzon generico, no nominal"
Electronica,Mexico,Demanda,"UGCOM, S.A. DE C.V.",(contacto general),(giro: MANUFACTURA; ENSAMBLE; FABRICACI),Técnico / Procesos,TIJUANA,BAJA CALIFORNIA,howardr@gmail.com,(664)6255570,OEM / Otro,,,Estudio_Electronica_Mexico_ESTRUCTURADO_ES.xlsx,Contactos,,No-Gerencial,MX,MEDIA,"dominio personal/gratuito, no corporativo"
Electronica,Mexico,Demanda,PACIFIC TRANSFORMERS DE MEXICO S.A DE C.V.,(contacto general),(giro: FABRICACION; ENSAMBLE; SUBENSAMB),Otro,TIJUANA,BAJA CALIFORNIA,roshi_borjorgez@yahoo.com.mx,(664)686-94-16,OEM / Otro,,,Estudio_Electronica_Mexico_ESTRUCTURADO_ES.xlsx,Contactos,,No-Gerencial,MX,MEDIA,"dominio personal/gratuito, no corporativo"
Electronica,Mexico,Demanda,TROMBETTA S. DE R.L. DE C.V.,(contacto general),(giro: FABRICACION DE GIROS ELECTRONICO),Otro,TIJUANA,BAJA CALIFORNIA,itcesar2002@yahoo.com,(664)6261687,OEM / Otro,,,Estudio_Electronica_Mexico_ESTRUCTURADO_ES.xlsx,Contactos,,No-Gerencial,MX,MEDIA,"dominio personal/gratuito, no corporativo"
Electronica,Mexico,Demanda,ZUBIA  DIAZ  RAMON,(contacto general),(giro: FABRICACIÓN DE TRANSFORMADORES E),Otro,CHIHUAHUA,CHIHUAHUA,eie_inelsa@hotmail.com,(614 )4245619,OEM / Otro,,,Estudio_Electronica_Mexico_ESTRUCTURADO_ES.xlsx,Contactos,,No-Gerencial,MX,MEDIA,"dominio personal/gratuito, no corporativo"
Electronica,Mexico,Demanda,GÓNZALEZ RODRIGUEZ MARIA NATIVIDAD,(contacto general),(giro: ELECTRONICA EN COMUNICACIÓN),Otro,CUAUHTEMOC,CHIHUAHUA,rudy_32@hotmail.com,(625 )5820380,OEM / Otro,,,Estudio_Electronica_Mexico_ESTRUCTURADO_ES.xlsx,Contactos,,No-Gerencial,MX,MEDIA,"dominio personal/gratuito, no corporativo"
Electronica,Mexico,Demanda,NUÑEZ GUTIERREZ MARTHA ELENA,(contacto general),(giro: SEGURIDAD ELECTRONICA),Otro,CHIHUAHUA,CHIHUAHUA,alarmasdetektor@hotmail.com,(614 )4157607,OEM / Otro,,,Estudio_Electronica_Mexico_ESTRUCTURADO_ES.xlsx,Contactos,,No-Gerencial,MX,MEDIA,"dominio personal/gratuito, no corporativo"
Electronica,Mexico,Demanda,SURTIDORA ELECTRONEUMATICA INDUSTRIAL SA DE CV,(contacto general),(giro: compra vetna de equipo electrico),Compras / Sourcing,DELICIAS,CHIHUAHUA,grupoosma12@yahoo.com.mx,(639)4722203,OEM / Otro,,,Estudio_Electronica_Mexico_ESTRUCTURADO_ES.xlsx,Contactos,,No-Gerencial,MX,MEDIA,"dominio personal/gratuito, no corporativo"
Electronica,Mexico,Demanda,"ARAD, S.A. DE C.V.",(contacto general),(giro: ENSAMBLES DE TRANSFORMADORES Y B),Otro,PIEDRAS NEGRAS,COAHUILA,pramard@prodigy.net.mx,(878 )7824181,OEM / Otro,,,Estudio_Electronica_Mexico_ESTRUCTURADO_ES.xlsx,Contactos,,No-Gerencial,MX,MEDIA,"dominio personal/gratuito, no corporativo"
Electronica,Mexico,Demanda,"CAPITAL INTELECTUAL APLICADO, S.A. DE C.V.",(contacto general),(giro: MANUFACTURA DE PRODUCTOS ELECTRO),Técnico / Procesos,SALTILLO,COAHUILA,oscarrdz@prodigy.net.mx,(844 )4319314,OEM / Otro,,,Estudio_Electronica_Mexico_ESTRUCTURADO_ES.xlsx,Contactos,,No-Gerencial,MX,MEDIA,"dominio personal/gratuito, no corporativo"
Electronica,Mexico,Demanda,DE LA GARZA JIMENEZ DORA ELENA,(contacto general),(giro: FABRICACION DE CORTINAS ENROLLAb),Otro,PIEDRAS NEGRAS,COAHUILA,gerardodiaz27@hotmail.com,(878)7822526,OEM / Otro,,,Estudio_Electronica_Mexico_ESTRUCTURADO_ES.xlsx,Contactos,,No-Gerencial,MX,MEDIA,"dominio personal/gratuito, no corporativo"
Electronica,Mexico,Demanda,"SIGMA INGENIERIA, S.A. DE C.V.",(contacto general),(giro: OBRA ELECTRONICA),Otro,MONCLOVA,COAHUILA,sigmadmin@prodigy.net.mx,(866)632 59 96,OEM / Otro,,,Estudio_Electronica_Mexico_ESTRUCTURADO_ES.xlsx,Contactos,,No-Gerencial,MX,MEDIA,"dominio personal/gratuito, no corporativo"
Electronica,Mexico,Demanda,HERNANDEZ GONZALEZ JUANA MARIA ELENA,(contacto general),(giro: SALIDA ELECTRONICA DE NEGATIVOS),Otro,SALTILLO,COAHUILA,cd.saltillo@gmail.com,(844)410 86 08,OEM / Otro,,,Estudio_Electronica_Mexico_ESTRUCTURADO_ES.xlsx,Contactos,,No-Gerencial,MX,MEDIA,"dominio personal/gratuito, no corporativo"
Electronica,Mexico,Demanda,"ESTICO, S.A. DE C.V.",(contacto general),(giro: FABRICACION CONDUCTORES ELECTRIC),Otro,GUSTAVO A. MADERO,DISTRITO FEDERAL,estico@prodigy.net.mx,(55 )5750 03 57,OEM / Otro,,,Estudio_Electronica_Mexico_ESTRUCTURADO_ES.xlsx,Contactos,,No-Gerencial,MX,MEDIA,"dominio personal/gratuito, no corporativo"
Electronica,Mexico,Demanda,"INDUSTRIAS MAN DE MEXICO, S.A. DE C.V.",(contacto general),(giro: FABRICACION DE APARATOS ELECTRIC),Otro,IZTAPALAPA,DISTRITO FEDERAL,ventas@inmanmex.com,(55 )55818011,OEM / Otro,,,Estudio_Electronica_Mexico_ESTRUCTURADO_ES.xlsx,Contactos,,No-Gerencial,MX,MEDIA,"buzon generico, no nominal"
Electronica,Mexico,Demanda,OROZCO ZEPEDA JORGE ENRIQUE,(contacto general),(giro: FABRICACION DE KITS ELECTRONICOS),Otro,CUAUHTEMOC,DISTRITO FEDERAL,imorikits@hotmail.com,(55 )56518250,OEM / Otro,,,Estudio_Electronica_Mexico_ESTRUCTURADO_ES.xlsx,Contactos,,No-Gerencial,MX,MEDIA,"dominio personal/gratuito, no corporativo"
Electronica,Mexico,Demanda,ECHANDI AGUILAR EDUARDO,(contacto general),(giro: FABRICACION DE MATERIAL ELECTRIC),Materiales / Planeación,AZCAPOTZALCO,DISTRITO FEDERAL,elet_ind1@yahoo.com,(55 )5561 5008,OEM / Otro,,,Estudio_Electronica_Mexico_ESTRUCTURADO_ES.xlsx,Contactos,,No-Gerencial,MX,MEDIA,"dominio personal/gratuito, no corporativo"
Electronica,Mexico,Demanda,"INDUSTRIAS CAR, S.A. DE C.V.",(contacto general),(giro: FABRICACION DE ALAMBRES;SOLDADUR),Otro,TLAHUAC,DISTRITO FEDERAL,industrias_car@hotmail.com,(55 )5841 4333,OEM / Otro,,,Estudio_Electronica_Mexico_ESTRUCTURADO_ES.xlsx,Contactos,,No-Gerencial,MX,MEDIA,"dominio personal/gratuito, no corporativo"
Electronica,Mexico,Demanda,"SISTEMAS CENTRALES DE LUBRICACION, S.A. DE C.V.",(contacto general),(giro: FABRICACION D SISTEMAS AUTOMATIZ),Otro,TLALPAN,DISTRITO FEDERAL,info@sicelub.com,(55 )5528 5014,OEM / Otro,,,Estudio_Electronica_Mexico_ESTRUCTURADO_ES.xlsx,Contactos,,No-Gerencial,MX,MEDIA,"buzon generico, no nominal"
Electronica,Mexico,Demanda,"FABRICA DE ARTICULOS METALICOS, S.A.",(contacto general),(giro: FABRICACION DE MATERIALES Y ACCE),Materiales / Planeación,IZTAPALAPA,DISTRITO FEDERAL,famsa_mx@yahoo.com.mx,(55 )5582 6088,OEM / Otro,,,Estudio_Electronica_Mexico_ESTRUCTURADO_ES.xlsx,Contactos,,No-Gerencial,MX,MEDIA,"dominio personal/gratuito, no corporativo"
Electronica,Mexico,Demanda,"INDUSTRIAL TELETERNIK, S.A. DE C.V.",(contacto general),(giro: FABRICACION DE EQUIPOS DIGITALES),Otro,IZTAPALAPA,DISTRITO FEDERAL,ventas@teleternik.com,(55 )55321958,OEM / Otro,,,Estudio_Electronica_Mexico_ESTRUCTURADO_ES.xlsx,Contactos,,No-Gerencial,MX,MEDIA,"buzon generico, no nominal"
Electronica,Mexico,Demanda,"VOLTAMP, S.A. DE C.V.",(contacto general),(giro: Fabricacion de Productos Eléctri),Otro,TLALPAN,DISTRITO FEDERAL,ventas@voltamp.com.mx,(55)56064149,OEM / Otro,,,Estudio_Electronica_Mexico_ESTRUCTURADO_ES.xlsx,Contactos,,No-Gerencial,MX,MEDIA,"buzon generico, no nominal"
Electronica,Mexico,Demanda,"TIELSA, S.A. DE C.V.",(contacto general),(giro: ANUNCIOS LUMINOSOSO; CONDUCTORES),Otro,GUSTAVO A. MADERO,DISTRITO FEDERAL,tielsa24@hotmail.com,(01)57529445,OEM / Otro,,,Estudio_Electronica_Mexico_ESTRUCTURADO_ES.xlsx,Contactos,,No-Gerencial,MX,MEDIA,"dominio personal/gratuito, no corporativo"
Electronica,Mexico,Demanda,"CABLES Y PLASTICOS, S.A. DE C.V.",(contacto general),(giro: FABRICACION DE CONDUCTORES ELECT),Otro,ATIZAPAN DE ZARAGOZA,ESTADO DE MEXICO,ventas@cabyplast.com,(55 )5822 95 22,OEM / Otro,,,Estudio_Electronica_Mexico_ESTRUCTURADO_ES.xlsx,Contactos,,No-Gerencial,MX,MEDIA,"buzon generico, no nominal"
Electronica,Mexico,Demanda,"INDUSTRIA ELECTRONICA ZEN, S.A. DE C.V.",(contacto general),(giro: INST. CIRCUITO CERRADO T.V.;MUS.),Otro,NAUCALPAN DE JUAREZ,ESTADO DE MEXICO,iez@prodigy.net.mx,(55 )3586667: 3586697,OEM / Otro,,,Estudio_Electronica_Mexico_ESTRUCTURADO_ES.xlsx,Contactos,,No-Gerencial,MX,MEDIA,"dominio personal/gratuito, no corporativo"
Electronica,Mexico,Demanda,"MEXICANA DE LAMINACION, S.A. DE C.V.",(contacto general),(giro: FABRICACION DE MALLA ELECTROSOLD),Otro,TLALNEPANTLA DE BAZ,ESTADO DE MEXICO,ventas@mex-lam.com,(55 )57559561,OEM / Otro,,,Estudio_Electronica_Mexico_ESTRUCTURADO_ES.xlsx,Contactos,,No-Gerencial,MX,MEDIA,"buzon generico, no nominal"
Electronica,Mexico,Demanda,"ZENITROM Y J.B., S.A. DE C.V.",(contacto general),(giro: FAB. DISTR. DE PRODUCTOS ELECTRI),Otro,CUAUTITLAN IZCALLI,ESTADO DE MEXICO,zenitrom33@hotmail.com,(55 )5877 1948,OEM / Otro,,,Estudio_Electronica_Mexico_ESTRUCTURADO_ES.xlsx,Contactos,,No-Gerencial,MX,MEDIA,"dominio personal/gratuito, no corporativo"
Electronica,Mexico,Demanda,"ARGOS ELECTRICA, S.A. DE C.V.",(contacto general),(giro: MANUFACTURA DE CONDUCTORES ELECT),Técnico / Procesos,CUAUTITLAN IZCALLI,ESTADO DE MEXICO,abravo@argoselectrica.com; bchijner@argoselectrica,(55 )26209900,OEM / Otro,,,Estudio_Electronica_Mexico_ESTRUCTURADO_ES.xlsx,Contactos,,No-Gerencial,MX,ALTA,correo malformado o inferido
Electronica,Mexico,Demanda,"SINERGIA COMERCIAL, S.A. DE C.V.",(contacto general),(giro: LAMPARAS ELECTRONICAS),Otro,NAUCALPAN DE JUAREZ,ESTADO DE MEXICO,bluf@prodigy.net.mx,(55 )28762909,OEM / Otro,,,Estudio_Electronica_Mexico_ESTRUCTURADO_ES.xlsx,Contactos,,No-Gerencial,MX,MEDIA,"dominio personal/gratuito, no corporativo"
Electronica,Mexico,Demanda,"INTEGRATED ENERGY SYSTEMS DE MÉXICO, S.A. DE C.V.",(contacto general),(giro: FABRICACIÓN Y ENSAMBLES DE PRODU),Otro,NAUCALPAN DE JUAREZ,ESTADO DE MEXICO,ienergysystems@hotmail.com,(55 )53933699,OEM / Otro,,,Estudio_Electronica_Mexico_ESTRUCTURADO_ES.xlsx,Contactos,,No-Gerencial,MX,MEDIA,"dominio personal/gratuito, no corporativo"
Electronica,Mexico,Demanda,IBARRA  MALAGON  SILVIANO,(contacto general),(giro: EMBOBINADO DE MOTORES ELECTRICOS),Otro,LEON,GUANAJUATO,soy_heavymetal@hotmail.com,(477 )7178926,OEM / Otro,,,Estudio_Electronica_Mexico_ESTRUCTURADO_ES.xlsx,Contactos,,No-Gerencial,MX,MEDIA,"dominio personal/gratuito, no corporativo"
Electronica,Mexico,Demanda,CONECTORES Y HERRAJES TIZAYUCA S.A. DE C.V.,(contacto general),(giro: FABRICACION DE CONECTORES ELECTR),Otro,TIZAYUCA,HIDALGO,conhectiza@prodigy.net.mx,(01779)7962361 7967906,OEM / Otro,,,Estudio_Electronica_Mexico_ESTRUCTURADO_ES.xlsx,Contactos,,No-Gerencial,MX,MEDIA,"dominio personal/gratuito, no corporativo"
Electronica,Mexico,Demanda,"CABLES Y FIBRAS, S.A. DE C.V.",(contacto general),(giro: FABRICACION DE CABLE DE FIBRA SI),Otro,GUADALAJARA,JALISCO,cablesyfibras29@hotmail.com,(33 )38102656,Telecom/Networking,,,Estudio_Electronica_Mexico_ESTRUCTURADO_ES.xlsx,Contactos,,No-Gerencial,MX,MEDIA,"dominio personal/gratuito, no corporativo"
Electronica,Mexico,Demanda,"MECATRONICA INTERNACIONAL, S. DE R.L. DE C.V.",(contacto general),(giro: FABRICACION DE PUERTAS AUTOMATIC),Otro,GUADALAJARA,JALISCO,mecatronica-info@yahoo.com.mx,(33 )38121008,OEM / Otro,,,Estudio_Electronica_Mexico_ESTRUCTURADO_ES.xlsx,Contactos,,No-Gerencial,MX,MEDIA,"dominio personal/gratuito, no corporativo"
Electronica,Mexico,Demanda,"ACCESOS CONTROLADOS, S.A. DE C.V.",(contacto general),(giro: APARATOS Y ARTÍCULOS ELÉCTRICOS),Otro,MONTERREY,NUEVO LEON,acsa@prodigy.net.mx,(81 )83432002,OEM / Otro,,,Estudio_Electronica_Mexico_ESTRUCTURADO_ES.xlsx,Contactos,,No-Gerencial,MX,MEDIA,"dominio personal/gratuito, no corporativo"
Electronica,Mexico,Demanda,"CALIBRADORES Y ESPECIALIDADES MECÁNICAS, S.A. DE C.V.",(contacto general),(giro: APARATOS Y ARTÍCULOS ELÉCTRICOS),Otro,MONTERREY,NUEVO LEON,cemec@prodigy.net.mx,(81 )83717466,Automotriz,,,Estudio_Electronica_Mexico_ESTRUCTURADO_ES.xlsx,Contactos,,No-Gerencial,MX,MEDIA,"dominio personal/gratuito, no corporativo"
Electronica,Mexico,Demanda,CENTRO DE PRODUCCIÓN DIGITAL S.C.,(contacto general),(giro: APARATOS Y ARTÍCULOS ELÉCTRICOS),Otro,MONTERREY,NUEVO LEON,ventas@sbpro.com.mx,(81 )83468732,OEM / Otro,,,Estudio_Electronica_Mexico_ESTRUCTURADO_ES.xlsx,Contactos,,No-Gerencial,MX,MEDIA,"buzon generico, no nominal"
Electronica,Mexico,Demanda,"DISTRIBUIDORA ELÉCTRICA DELTA, S.A. DE C.V.",(contacto general),(giro: FABRICANTES DE EQUIPO ELÉCTRICO),Otro,GUADALUPE,NUEVO LEON,cartamx@hotmail.com,(81 )83548825,OEM / Otro,,,Estudio_Electronica_Mexico_ESTRUCTURADO_ES.xlsx,Contactos,,No-Gerencial,MX,MEDIA,"dominio personal/gratuito, no corporativo"
Electronica,Mexico,Demanda,"ESPECIALIDADES DE GRAFITO, S.A. DE C.V.",(contacto general),(giro: FABRICANTES DE EQUIPO ELÉCTRICO),Otro,GARCIA,NUEVO LEON,esgraf@prodigy.net.mx,(81 )83810381,Automotriz,,,Estudio_Electronica_Mexico_ESTRUCTURADO_ES.xlsx,Contactos,,No-Gerencial,MX,MEDIA,"dominio personal/gratuito, no corporativo"
Electronica,Mexico,Demanda,"ELÉCTRICA LEAL, S.A. DE C.V.",(contacto general),(giro: FABRICANTES DE EQUIPO ELÉCTRICO),Otro,MONTERREY,NUEVO LEON,electrica_leal@hotmail.com,(81 )83751694,OEM / Otro,,,Estudio_Electronica_Mexico_ESTRUCTURADO_ES.xlsx,Contactos,,No-Gerencial,MX,MEDIA,"dominio personal/gratuito, no corporativo"
Electronica,Mexico,Demanda,"GRACIDA EQUIPOS MAGNETICOS, S.A. DE C.V.",(contacto general),(giro: FABRICANTES DE EQUIPO ELÉCTRICO),Otro,MONTERREY,NUEVO LEON,ventas@gracida.com,(81 )82206190,OEM / Otro,,,Estudio_Electronica_Mexico_ESTRUCTURADO_ES.xlsx,Contactos,,No-Gerencial,MX,MEDIA,"buzon generico, no nominal"
Electronica,Mexico,Demanda,"INGENIERÍA EN AUDIO Y VIDEO, S.A. DE C.V",(contacto general),(giro: FABRICANTES DE EQUIPO ELÉCTRICO),Otro,MONTERREY,NUEVO LEON,mufosa@prodigy.net.mx,(81 )83743939,OEM / Otro,,,Estudio_Electronica_Mexico_ESTRUCTURADO_ES.xlsx,Contactos,,No-Gerencial,MX,MEDIA,"dominio personal/gratuito, no corporativo"
Electronica,Mexico,Demanda,"MAQUINARIA ESBO, S.A. DE C.V.",(contacto general),(giro: FABRICANTES DE EQUIPO ELÉCTRICO),Otro,SAN NICOLAS DE LOS GARZA,NUEVO LEON,ventas@mesbo.com,(81 )83308950,OEM / Otro,,,Estudio_Electronica_Mexico_ESTRUCTURADO_ES.xlsx,Contactos,,No-Gerencial,MX,MEDIA,"buzon generico, no nominal"
Electronica,Mexico,Demanda,"MAQUINAS TORTILLADORAS GONZÁLEZ , S.A.",(contacto general),(giro: APARATOS Y ARTÍCULOS ELÉCTRICOS),Otro,GUADALUPE,NUEVO LEON,mtg-gpe@hotmail.com,(81 )83672424,OEM / Otro,,,Estudio_Electronica_Mexico_ESTRUCTURADO_ES.xlsx,Contactos,,No-Gerencial,MX,MEDIA,"dominio personal/gratuito, no corporativo"
Electronica,Mexico,Demanda,INDUSTRIA ELECTRICA AUTOMOTRIZ KOR S.A. DE C.V.,(contacto general),(giro: FABRICACION Y EMBOBINADO AUTOMOT),Otro,MONTERREY,NUEVO LEON,industriakor@hotmail.com,(81)83482530,Automotriz,,,Estudio_Electronica_Mexico_ESTRUCTURADO_ES.xlsx,Contactos,,No-Gerencial,MX,MEDIA,"dominio personal/gratuito, no corporativo"
Electronica,Mexico,Demanda,SS DELTA TECH S.A. DE C.V.,(contacto general),(giro: APARATOS ELECTRONICOS),Otro,APODACA,NUEVO LEON,hhjun@ssdelta.co.kr,(81)81454197,OEM / Otro,,,Estudio_Electronica_Mexico_ESTRUCTURADO_ES.xlsx,Contactos,,No-Gerencial,MX,ALTA,dominio de matriz extranjera en contacto LATAM (patron SIIX)
Electronica,Mexico,Demanda,QUIMICA HERRCO S.A. DE C.V.,(contacto general),(giro: FABRICACION PRODUCTOS QUIMICOS P),Otro,PUEBLA,PUEBLA,mayraromanv@yahoo.com,(222 )248 12 52     249 41 00,OEM / Otro,,,Estudio_Electronica_Mexico_ESTRUCTURADO_ES.xlsx,Contactos,,No-Gerencial,MX,MEDIA,"dominio personal/gratuito, no corporativo"
Electronica,Mexico,Demanda,"DIEHL CONTROLS MEXICO, S.A. DE C.V.",(contacto general),(giro: FABRICACIONDE SISTEMAS ELECTRONI),Otro,QUERETARO,QUERETARO,pia.hernandez@diehlako,(442 )2781350,OEM / Otro,,,Estudio_Electronica_Mexico_ESTRUCTURADO_ES.xlsx,Contactos,,No-Gerencial,MX,ALTA,correo malformado o inferido
Electronica,Mexico,Demanda,"ELECTROLOG, S.A. DE C.V.",(contacto general),"(giro: FAB, MAQUILA COMPRA-VTA. DE MATE)",Compras / Sourcing,QUERETARO,QUERETARO,gadam@prodigy.net.mx,(442 )2182442,OEM / Otro,,,Estudio_Electronica_Mexico_ESTRUCTURADO_ES.xlsx,Contactos,,No-Gerencial,MX,MEDIA,"dominio personal/gratuito, no corporativo"
Electronica,Mexico,Demanda,"ELECTROAPLICACIONES DE LOS MOCHIS,S.A. DE C.V.",(contacto general),(giro: FABRICACION DE EQUIPO MECANICO E),Otro,AHOME,SINALOA,electroaplicaciones@hotmail.com,(668 )817 14 71,OEM / Otro,,,Estudio_Electronica_Mexico_ESTRUCTURADO_ES.xlsx,Contactos,,No-Gerencial,MX,MEDIA,"dominio personal/gratuito, no corporativo"
Electronica,Mexico,Demanda,ENSAMBLADORA INTERNACIONAL S.A. DE C.V.,(contacto general),(giro: MAQUILADORA EN ARNESES Y ENSAMBL),Otro,NOGALES,SONORA,drivera@prodigy.net.mx,"(631 )42917, 42345",OEM / Otro,,,Estudio_Electronica_Mexico_ESTRUCTURADO_ES.xlsx,Contactos,,No-Gerencial,MX,MEDIA,"dominio personal/gratuito, no corporativo"
Electronica,Mexico,Demanda,"M.C. DAVIS INTERNACIONAL, S.A DE C.V.",(contacto general),(giro: ENSAMBLAR; MANUFACTURAR COMPONEN),Técnico / Procesos,MAGDALENA,SONORA,mcdavismag@prodigy.net.mx,(632)32-2-38-95,OEM / Otro,,,Estudio_Electronica_Mexico_ESTRUCTURADO_ES.xlsx,Contactos,,No-Gerencial,MX,MEDIA,"dominio personal/gratuito, no corporativo"
Electronica,Mexico,Demanda,"EMERPOWSYS, S. DE R.L. DE C.V.",(contacto general),(giro: PRODUCCION DE TRANSFORMADORES EL),Otro,REYNOSA,TAMAULIPAS,isabel.balderas@emerson com,(899 )9212951,OEM / Otro,,,Estudio_Electronica_Mexico_ESTRUCTURADO_ES.xlsx,Contactos,,No-Gerencial,MX,ALTA,correo malformado o inferido
Electronica,Mexico,Demanda,COIL COMPANY DE MEXICO S.A. DE C.V.,(contacto general),(giro: FABRICANTE DE BOBINAS P/MOTORES ),Otro,MATAMOROS,TAMAULIPAS,coilcompany.mex@prodigy.net.mx,(868 )8100964,OEM / Otro,,,Estudio_Electronica_Mexico_ESTRUCTURADO_ES.xlsx,Contactos,,No-Gerencial,MX,MEDIA,"dominio personal/gratuito, no corporativo"
Electronica,Mexico,Demanda,"SERVICIOS DEL TROPICO, S.A. DE C.V.",(contacto general),(giro: SERV. ELECTRONICO Y MAQUILA DE P),Otro,ORIZABA,VERACRUZ,servtrop@prodigy.net.mx,(272)7260008,OEM / Otro,,,Estudio_Electronica_Mexico_ESTRUCTURADO_ES.xlsx,Contactos,,No-Gerencial,MX,MEDIA,"dominio personal/gratuito, no corporativo"
Electronica,Mexico,Demanda,celestica,Rmeza,Compras,Compras / Sourcing,mty,,rmeza@celestica.com,4164485800,OEM / Otro,,,Estudio_Electronica_Mexico_ESTRUCTURADO_ES.xlsx,Contactos,,No-Gerencial,MX,MEDIA,"nombre = buzon (correo construido, no persona verificada)"
Electronica,Mexico,Demanda,foxconn,Rociochocolatl,Compras,Compras / Sourcing,Tijuana,,rociochocolatl@foxconn.com,6641047200,TV/Displays,,,Estudio_Electronica_Mexico_ESTRUCTURADO_ES.xlsx,Contactos,,No-Gerencial,MX,MEDIA,"nombre = buzon (correo construido, no persona verificada)"
Electronica,Mexico,Demanda,CAES (antes cobran Advanced electrónica soluciona ),Cobhamrh,Compras,Compras / Sourcing,Tijuana,,cobhamrh@honeywell.com,6646616025,Aeroespacial/Defensa,,,Estudio_Electronica_Mexico_ESTRUCTURADO_ES.xlsx,Contactos,,No-Gerencial,MX,MEDIA,"nombre = buzon (correo construido, no persona verificada)"
Electronica,Mexico,Demanda,Eaton,Athenasanchez,Compras,Compras / Sourcing,Tijuana,,athenasanchez@eaton.com,6168318295,OEM / Otro,,,Estudio_Electronica_Mexico_ESTRUCTURADO_ES.xlsx,Contactos,,No-Gerencial,MX,MEDIA,"nombre = buzon (correo construido, no persona verificada)"
Electronica,Mexico,Demanda,Eaton,Alexisaramirez,Compras,Compras / Sourcing,Tijuana,,alexisaramirez@eaton.com,6646259144 ext 5117,OEM / Otro,,,Estudio_Electronica_Mexico_ESTRUCTURADO_ES.xlsx,Contactos,,No-Gerencial,MX,MEDIA,"nombre = buzon (correo construido, no persona verificada)"
Electronica,Mexico,Demanda,eaton,Mynamartinez,Compras,Compras / Sourcing,Tijuana,,mynamartinez@eaton.com,6311830957,OEM / Otro,,,Estudio_Electronica_Mexico_ESTRUCTURADO_ES.xlsx,Contactos,,No-Gerencial,MX,MEDIA,"nombre = buzon (correo construido, no persona verificada)"
Electronica,Mexico,Demanda,Osi electrónic,Romaldonado,Compras,Compras / Sourcing,tecate,,romaldonado@osielectronics.com,6631272486,OEM / Otro,,,Estudio_Electronica_Mexico_ESTRUCTURADO_ES.xlsx,Contactos,,No-Gerencial,MX,MEDIA,"nombre = buzon (correo construido, no persona verificada)"
Electronica,Mexico,Demanda,Osi electrónic,Sochavez,Compras,Compras / Sourcing,tecate,,sochavez@osielectronics.com,6631272486,OEM / Otro,,,Estudio_Electronica_Mexico_ESTRUCTURADO_ES.xlsx,Contactos,,No-Gerencial,MX,MEDIA,"nombre = buzon (correo construido, no persona verificada)"
Electronica,Mexico,Demanda,Parpro,Jbenitez,Compras,Compras / Sourcing,Tijuana,,jbenitez@parpro.com,6646375602,Aeroespacial/Defensa,,,Estudio_Electronica_Mexico_ESTRUCTURADO_ES.xlsx,Contactos,,No-Gerencial,MX,MEDIA,"nombre = buzon (correo construido, no persona verificada)"
Electronica,Mexico,Demanda,Parpro,Uleduc,Compras,Compras / Sourcing,Tijuana,,uleduc@parprom.com,6646375602,Aeroespacial/Defensa,,,Estudio_Electronica_Mexico_ESTRUCTURADO_ES.xlsx,Contactos,,No-Gerencial,MX,MEDIA,"nombre = buzon (correo construido, no persona verificada)"
Electronica,Mexico,Demanda,Parpro,Vflores,Compras,Compras / Sourcing,Tijuana,,vflores@parpro.com,6646375602,Aeroespacial/Defensa,,,Estudio_Electronica_Mexico_ESTRUCTURADO_ES.xlsx,Contactos,,No-Gerencial,MX,MEDIA,"nombre = buzon (correo construido, no persona verificada)"
Electronica,Mexico,Demanda,Parpro,Maramos,Compras,Compras / Sourcing,Tijuana,,maramos@parpro.com,6646375602,Aeroespacial/Defensa,,,Estudio_Electronica_Mexico_ESTRUCTURADO_ES.xlsx,Contactos,,No-Gerencial,MX,MEDIA,"nombre = buzon (correo construido, no persona verificada)"
Electronica,Mexico,Demanda,Milwaukee Electronics,Jbustos,Compras,Compras / Sourcing,Tecate,,jbustos@milwaukeeelectronics.com,(665)1226500,EMS / PCB,,,Estudio_Electronica_Mexico_ESTRUCTURADO_ES.xlsx,Contactos,,No-Gerencial,MX,MEDIA,"nombre = buzon (correo construido, no persona verificada)"
Electronica,Mexico,Demanda,Milwaukee Electronics,Mbello,buyer,Compras / Sourcing,Tecate,,mbello@milwaukee.com,(665)1226500,EMS / PCB,,,Estudio_Electronica_Mexico_ESTRUCTURADO_ES.xlsx,Contactos,,No-Gerencial,MX,MEDIA,"nombre = buzon (correo construido, no persona verificada)"
Electronica,Mexico,Demanda,Milwaukee Electronics,Jyepiz,Jr buyer,Compras / Sourcing,Tecate,,jyepiz@milwaukeeelectronics.com,(665)1226500,EMS / PCB,,,Estudio_Electronica_Mexico_ESTRUCTURADO_ES.xlsx,Contactos,,No-Gerencial,MX,MEDIA,"nombre = buzon (correo construido, no persona verificada)"
Electronica,Mexico,Demanda,SMK Electronics,Ppreciado,buyer,Compras / Sourcing,Tijuana,,ppreciado@smkusa.com,6646259680,OEM / Otro,,,Estudio_Electronica_Mexico_ESTRUCTURADO_ES.xlsx,Contactos,,No-Gerencial,MX,MEDIA,"nombre = buzon (correo construido, no persona verificada)"
Electronica,Mexico,Demanda,Sanko,Acmx,Compras,Compras / Sourcing,,,acmx@sankoelec.com,6642317420 ext 150,OEM / Otro,,,Estudio_Electronica_Mexico_ESTRUCTURADO_ES.xlsx,Contactos,,No-Gerencial,MX,MEDIA,"nombre = buzon (correo construido, no persona verificada)"
