empresa,en_directorio_PIQ,evidencia_smt,tipo_evidencia,confianza,fuente,que_significa_para_Astute
"CYROXTECH, S. DE R.L. DE C.V.",SI,"El giro en el propio directorio PIQ dice: 'Mantto a equipos electronicos y linea SMT'. smtnet lo clasifica como SMT Equipment Service/Support/Sales. Tel 442 348 1178",Directorio + sitio propio,ALTA,"Directorio PIQ 2024; cyroxtech.com; smtnet.com","NO es comprador de componentes: da servicio a lineas SMT ajenas. Vale como FUENTE: sabe que plantas del parque tienen linea y de que marca."
"HARMAN DE MEXICO, S. DE R.L. DE C.V.",SI,"Vacante de Process Engineer SMT en Queretaro: cambios de modelo en linea SMT, modificacion de programas, diagnostico de fallas",Vacante,ALTA,"OCC / Indeed / Glassdoor (via buscador, no abri la publicacion)","Tiene linea SMT propia y la esta reforzando. Ya es cuenta con comprador identificado: Salvador Aldana."
"KOSTAL MEXICANA, S.A. DE C.V.",SI,"Vacante de Gerente de Produccion SMT en Queretaro",Vacante,MEDIA-ALTA,"via buscador, no abri la publicacion","Aleman, automotriz electronico. Si contrata gerente de SMT, la linea es central. NO lo tenemos en la base."
"VALEO ILUMINACION / VISTRONICS",SI,"Valeo describe el area SMT como 'el corazon de la planta', donde produce tarjetas para camaras y sensores. Vacantes de ingenieria electronica en Queretaro",Comunicacion propia + vacantes,ALTA,"mexicoindustry.com; directorioautomotriz; Indeed Valeo Vistronics Queretaro","Linea SMT confirmada por la propia empresa. Direccion Av. Industria Minera 502 - ENFRENTE de Harman (503). Tenemos 10 contactos en Queretaro."
"SAMSUNG ELECTRONICS DIGITAL APPLIANCES MEXICO",SI,"Contrata en Queretaro pero ninguna vacante menciona SMT. Giro = linea blanca",Sin evidencia SMT,BAJA,"OCC / Indeed","No priorizar por esta via."
"HITACHI ASTEMO MEXICO, S.A. DE C.V.",SI,"110 vacantes en Queretaro (80 operativas, 30 administrativas, incluye compradores) pero ninguna nominal de SMT",Sin evidencia SMT,BAJA,somosindustria.com,"Esta en la lista de correos en riesgo por dominio de matriz japonesa. Ojo antes de contactar."
"E.G.O. COMPONENTES ELECTRONICOS, S.A. DE C.V.",SI,"Sin resultados de vacantes SMT. El nombre dice componentes electronicos",No investigado a fondo,SIN DATO,-,"Candidata obvia por nombre. Falta busqueda dirigida."
"MABE",NO (Queretaro, fuera del PIQ),"Vacante nominal: 'Ingeniero de Mantenimiento (Electromecanico SMT)' en Queretaro",Vacante,ALTA,mx.computrabajo.com,"Ya tenemos 2 contactos de electronica: Electronics Corporate Sourcing Leader y Global Sourcing Commodity Leader ELECTRONICS."
"GRUPO AMERICAN INDUSTRIES",NO (El Marques, VYNMSA),"Fabrica tarjetas electronicas y contrata tecnicos SMT y trainee de SMT",Vacante,ALTA,"via buscador","EMS puro en Queretaro que NO esta en el CRM. Cuenta nueva."
