First Name,Last Name,Full Name,Email,Company,Title,City,State,Country
Aaron,Inda,Aaron Inda,aaron.inda@sanmina.com,Sanmina,Sr. Buyer,Guadalajara,Jalisco,Mexico
Abel,Gutierrez,Abel Gutierrez,abel.gutierrez@sanmina.com,Sanmina,Purchasing Supervisor,Guadalajara,Jalisco,Mexico
Abigail,Garcia,Abigail Garcia,abigail.garcia@sanmina.com,Sanmina,Buyer,Guadalajara,Jalisco,Mexico
Abraham,Delgado,Abraham Delgado,abraham.delgado@sanmina.com,Sanmina,,Guadalajara,Jalisco,Mexico
Abraham,Hermosillo,Abraham Hermosillo,abraham.hermosillo@sanmina.com,Sanmina,Buyer (cuenta Medtronic),Tlajomulco de Zuniga,Jalisco,Mexico
Adrian,Beltran,Adrian Beltran,adrian.beltran@sanmina.com,Sanmina,Planner P10,Guadalajara,Jalisco,Mexico
Adrian,Lee,Adrian Lee,adrian.lee@sanmina.com,Sanmina,Global Commodity Mgmt Team - Interconnect (Connector/Cable&Wire/Cable Assy),,,
Adriana,Mariscal,Adriana Mariscal,adriana.mariscal@sanmina.com,Sanmina,Materials Specialist,Reynosa,Tamaulipas,Mexico
Alejandra,Hernandez Escutia,Alejandra Hernandez Escutia,alejandra.escutia@sanmina.com,Sanmina,,Tlajomulco de Zuniga,Jalisco,Mexico
Alejandro,Carrillo,Alejandro Carrillo,alejandro.carrillo@sanmina.com,Sanmina,Quote Analyst,Monterrey,Nuevo Leon,Mexico
Alejandro,Navarro,Alejandro Navarro,alejandro.navarro@sanmina.com,Sanmina,Buyer (P2),Guadalajara,Jalisco,Mexico
Alfredo,Ortega,Alfredo Ortega,alfredo.ortega@sanmina.com,Sanmina,Purchasing Manager P02,Tlajomulco de Zuniga,Jalisco,Mexico
Ricardo,Gonzalez Aguilera,Ricardo Gonzalez Aguilera,ricardo.gonzaleza@fii-na.com,Foxconn (FII-NA Guadalajara),Procurement Buyer,San Pedro Tlaquepaque,Jalisco,Mexico
Paulo,Cesar Isauro Lopez Rodriguez,Paulo Cesar Isauro Lopez Rodriguez,paulo.lopez@gdl.fii-na.com,Foxconn (FII-NA Guadalajara),Purchasing Analyst,San Pedro Tlaquepaque,Jalisco,Mexico
Juan,Pablo Martinez,Juan Pablo Martinez,juan-pablo.martinez@fii-na.com,Foxconn (FII-NA Guadalajara),Buyer,San Pedro Tlaquepaque,Jalisco,Mexico
Jorge,Luis Martinez,Jorge Luis Martinez,jorgeluis.martinez@fii-na.com,Foxconn (FII-NA Guadalajara),SCM (Supply Chain Mgmt),San Pedro Tlaquepaque,Jalisco,Mexico
Alfredo,Ponce,Alfredo Ponce,alfredo.ponce@sanmina.com,Sanmina,Planner,Tlajomulco de Zuniga,Jalisco,Mexico
Alicia,Oceguera,Alicia Oceguera,alicia.ocegueda@sanmina.com,Sanmina,Buyer,Guadalajara,Jalisco,Mexico
Ana,Del Moral,Ana Del Moral,ana.delmoral@sanmina.com,Sanmina,Business Unit Manager - Schindler,Monterrey,Nuevo Leon,Mexico
Angel,Carreon,Angel Carreon,angel.carreon@sanmina.com,Sanmina,Buyer (cuenta Tesla),Guadalajara,Jalisco,Mexico
Antonio,Cruz,Antonio Cruz,antonio.cruz1@sanmina.com,Sanmina,Superintendent,Guadalajara,Jalisco,Mexico
Antonio,Osuna,Antonio Osuna,antonio.osuna@sanmina.com,Sanmina,Buyer,Guadalajara,Jalisco,Mexico
Aracely,Hernandez,Aracely Hernandez,aracely.hernandez@sanmina.com,Sanmina,Purchasing Lead / Supervisor (ORBCOMM),Reynosa,Tamaulipas,Mexico
Arely,Lopez,Arely Lopez,arely.lopez@sanmina.com,Sanmina,Sr Buyer,Reynosa,Tamaulipas,Mexico
Arlette,Ruiz Martinez,Arlette Ruiz Martinez,arlette.ruiz@sanmina.com,Sanmina,Buyer,Reynosa,Tamaulipas,Mexico
Armando,Celis,Armando Celis,armando.celis@sanmina.com,Sanmina,Purchasing Supervisor,Guadalajara,Jalisco,Mexico
Arturo,Barrios,Arturo Barrios,arturo.barrios@sanmina.com,Sanmina,Commodity Manager,Guadalajara,Jalisco,Mexico
Belen,Alejandra Lopez,Belen Alejandra Lopez,belen.lopez@sanmina.com,Sanmina,Buyer,Guadalajara,Jalisco,Mexico
Benjamin,Rendon,Benjamin Rendon,benjamin.rendon@sanmina.com,Sanmina,Sr Buyer (cuenta Tarana),Guadalajara,Jalisco,Mexico
Berenice,Hernandez,Berenice Hernandez,berenice.hernandez@sanmina.com,Sanmina,Buyer,Reynosa,Tamaulipas,Mexico
Brandon,De la Torre,Brandon De la Torre,brandon.delatorre@sanmina.com,Sanmina,Buyer,Guadalajara,Jalisco,Mexico
Brenda,Ayala,Brenda Ayala,brenda.ayalaa@sanmina.com,Sanmina,Buyer,,,Mexico
Brenda,Velasco,Brenda Velasco,brenda.velasco@sanmina.com,Sanmina,Sr. Buyer,Guadalajara,Jalisco,Mexico
Carlos,Alberto Rodriguez Perez,Carlos Alberto Rodriguez Perez,carlos.rodriguezp@sanmina.com,Sanmina,Buyer,Guadalajara,Jalisco,Mexico
Carla,Zuniga,Carla Zuniga,carla.zuniga@sanmina.com,Sanmina,NPI (New Product Introduction),,,Mexico
Carlos,Cardona,Carlos Cardona,carlos.cardona@sanmina.com,Sanmina,,Guadalajara,Jalisco,Mexico
Carlos,Ernesto Pacheco Maldonado,Carlos Ernesto Pacheco Maldonado,carlos.pacheco@sanmina.com,Sanmina,Planner-Buyer,Tlajomulco de Zuniga,Jalisco,Mexico
Carlos,Fernando Duran Gutierrez,Carlos Fernando Duran Gutierrez,carlos.duran@sanmina.com,Sanmina,Materials Planner-Buyer,Guadalajara,Jalisco,Mexico
Carlos,Vazquez,Carlos Vazquez,carlos.vazquezs@sanmina.com,Sanmina,Planning Superintendent,Guadalajara,Jalisco,Mexico
Carlos,de la Torre,Carlos de la Torre,carlos.delatorrep@sanmina.com,Sanmina,Sr. Buyer (cuenta Viking),Guadalajara,Jalisco,Mexico
Carolina,Iracheta,Carolina Iracheta,carolina.iracheta@sanmina.com,Sanmina,Buyer,Monterrey,Nuevo Leon,Mexico
Cecilia,Munoz,Cecilia Munoz,cecilia.munozs@sanmina.com,Sanmina,Buyer (cuenta MSI),Reynosa,Tamaulipas,Mexico
Celina,Marquez,Celina Marquez,celina.marquez@sanmina.com,Sanmina,Buyer,Tlajomulco de Zuniga,Jalisco,Mexico
Cesar,Diaz,Cesar Diaz,cesar.diaz1@sanmina.com,Sanmina,Materials Leader,Guadalajara,Jalisco,Mexico
Chianty,Martinez,Chianty Martinez,chianty.martinez@sanmina.com,Sanmina,Buyer (cuenta Tarana),Guadalajara,Jalisco,Mexico
Claudia,Medina,Claudia Medina,claudia.medina@sanmina.com,Sanmina,Administrative Support - Purchasing,Guadalajara,Jalisco,Mexico
Cristina,Rocha,Cristina Rocha,cristina.rocha@sanmina.com,Sanmina,"Buyer (Rockwell, Copper)",,,Mexico
Cristian,Serrano,Cristian Serrano,cristian.serrano@sanmina.com,Sanmina,Planner Buyer (cuenta Ciena),Guadalajara,Jalisco,Mexico
Cynthia,Vega,Cynthia Vega,cynthia.vega@sanmina.com,Sanmina,Buyer,Guadalajara,Jalisco,Mexico
Dafne,Pina,Dafne Pina,dafne.pina@sanmina.com,Sanmina,Buyer (cuenta Motorola),Tlajomulco de Zuniga,Jalisco,Mexico
Damian,Snyder,Damian Snyder,damian.snyder@sanmina.com,Sanmina,Buyer (cuenta ASML),Monterrey,Nuevo Leon,Mexico
Daniel,Araujo,Daniel Araujo,daniel.araujor@sanmina.com,Sanmina,Buyer (cuenta Coca),Tlajomulco de Zuniga,Jalisco,Mexico
Daniel,Castro M,Daniel Castro M,daniel.castrom@sanmina.com,Sanmina,"Buyer (Rockwell, Copper)",,,Mexico
Daniela,Apodaca Rabago,Daniela Apodaca Rabago,daniela.apodaca@sanmina.com,Sanmina,Material Planner/Buyer,Guadalajara,Jalisco,Mexico
Daniela,Hernandez,Daniela Hernandez,daniela.hernandezg@sanmina.com,Sanmina,Buyer,Reynosa,Tamaulipas,Mexico
Daniela,Tapia,Daniela Tapia,daniela.tapia@sanmina.com,Sanmina,Sr. Buyer (proyecto Viking),Guadalajara,Jalisco,Mexico
David,Hernandez,David Hernandez,david.hernandez3@sanmina.com,Sanmina,Purchasing Manager,Reynosa,Tamaulipas,Mexico
David,Robles G.,David Robles G.,david.roblesg@sanmina.com,Sanmina,"Supervisor (Ciena, Planta 1)",Guadalajara,Jalisco,Mexico
Debanhi,Salazar,Debanhi Salazar,debanhi.salazar@sanmina.com,Sanmina,Buyer (cuenta MSI),Reynosa,Tamaulipas,Mexico
Dulce,Vazquez,Dulce Vazquez,dulce.vazquez@sanmina.com,Sanmina,Planner Materials,Tlajomulco de Zuniga,Jalisco,Mexico
Edward,Zamora,Edward Zamora,marcos.zamora@sanmina.com,Sanmina,Buyer (cuenta Ventana),Guadalajara,Jalisco,Mexico
Edgar,Benitez,Edgar Benitez,edgar.benitez@sanmina.com,Sanmina,Buyer Superintendent (cuenta Corning),Guadalajara,Jalisco,Mexico
Edgar,Pastrano,Edgar Pastrano,edgar.pastrano@sanmina.com,Sanmina,Buyer,Guadalajara,Jalisco,Mexico
Eduardo,Benavides,Eduardo Benavides,eduardo.benavides@sanmina.com,Sanmina,Global Supply Chain Manager - MRO Indirect LATAM,Guadalajara,Jalisco,Mexico
Eduardo,Lomeli,Eduardo Lomeli,eduardo.lomeli@sanmina.com,Sanmina,Buyer,Tlajomulco de Zuniga,Jalisco,Mexico
Elizabeth,Gonzalez,Elizabeth Gonzalez,elizabeth.gonzalez1@sanmina.com,Sanmina,Leader (cuenta MSI),Reynosa,Tamaulipas,Mexico
Elizabeth,Ramirez Esparza,Elizabeth Ramirez Esparza,elizabeth.esparza@sanmina.com,Sanmina,Buyer/Expedites (cuenta Wabtec),Monterrey,Nuevo Leon,Mexico
Elsa,Gonzalez,Elsa Gonzalez,elsa.gonzalez@sanmina.com,Sanmina,Buyer (cuenta Medtronic),Tlajomulco de Zuniga,Jalisco,Mexico
Elvira,Grebic,Elvira Grebic,elvira.grebic@sanmina.com,Sanmina,Sr Buyer (cuenta Nokia),San Jose,CA,United States
Emilio,Trevino,Emilio Trevino,emilio.trevino@sanmina.com,Sanmina,Buyer (cuenta Tarana),Guadalajara,Jalisco,Mexico
Emma,Hernandez,Emma Hernandez,emma.hernandez@sanmina.com,Sanmina,,Reynosa,Tamaulipas,Mexico
Enrique,Rodriguez,Enrique Rodriguez,enrique.rodriguez@sanmina.com,Sanmina,Purchasing Manager,Guadalajara,Jalisco,Mexico
Erick,Espinoza,Erick Espinoza,erick.espinoza@sanmina.com,Sanmina,Purchasing Negotiator,Tlajomulco de Zuniga,Jalisco,Mexico
Erick,Lozoya,Erick Lozoya,erick.lozoya@sanmina.com,Sanmina,Supervisor (cuenta Tesla),Guadalajara,Jalisco,Mexico
Erik,Salas,Erik Salas,erik.salas@sanmina.com,Sanmina,Buyer (Zebra Sustaining),Reynosa,Tamaulipas,Mexico
Erika,Alcaraz,Erika Alcaraz,erika.alcarazh@sanmina.com,Sanmina,Buyer,Guadalajara,Jalisco,Mexico
Esteban,Duran,Esteban Duran,esteban.duran@sanmina.com,Sanmina,Global Supply Chain,Monterrey,Nuevo Leon,Mexico
Esther,Maria Soria,Esther Maria Soria,maria.soria@sanmina.com,Sanmina,Buyer,Reynosa,Tamaulipas,Mexico
Esther,Lopez,Esther Lopez,esther.lopez@sanmina.com,Sanmina,Buyer (cuenta Nokia),,,Mexico
Evelyn,Denisse Martinez,Evelyn Denisse Martinez,evelyn.martinez@sanmina.com,Sanmina,Buyer (Orbcomm & Sure),McAllen,TX,United States
Frida,Munoz,Frida Munoz,frida.munoz@sanmina.com,Sanmina,Buyer (cuenta Oura),Guadalajara,Jalisco,Mexico
Fatima,Barajas,Fatima Barajas,fatima.barajas@sanmina.com,Sanmina,Buyer,Guadalajara,Jalisco,Mexico
Fernanda,Jimenez,Fernanda Jimenez,fernanda.jimenez@sanmina.com,Sanmina,Buyer,Guadalajara,Jalisco,Mexico
Fernando,Parra,Fernando Parra,fernando.parra@sanmina.com,Sanmina,Superintendent (cuenta Tesla),Guadalajara,Jalisco,Mexico
Fernando,Reyna,Fernando Reyna,fernando.reyna@astute.com,Sanmina,Buyer,Guadalajara,Jalisco,Mexico
Fernando,Valverde,Fernando Valverde,fernando.valverde@sanmina.com,Sanmina,Sr. Buyer (programa Viking),Guadalajara,Jalisco,Mexico
Francisco,Membrillo,Francisco Membrillo,francisco.membrillo@sanmina.com,Sanmina,Planner Buyer,Guadalajara,Jalisco,Mexico
Grecia,Hernandez,Grecia Hernandez,grecia.hernandez@sanmina.com,Sanmina,Buyer (cuenta MSI),,,Mexico
Gabriel,Garcia C,Gabriel Garcia C,gabriel.garciac@sanmina.com,Sanmina,Supervisor (Copper y Rockwell),Guadalajara,Jalisco,Mexico
Gabriela,Aguilar,Gabriela Aguilar,gabriela.aguilar@sanmina.com,Sanmina,Buyer (proyecto Zebra),Reynosa,Tamaulipas,Mexico
Gabriela,Lily Trujillo,Gabriela Lily Trujillo,gabriela.trujillo@sanmina.com,Sanmina,Buyer (proyecto MSI),Reynosa,Tamaulipas,Mexico
Gabriela,Ocampo,Gabriela Ocampo,gabriela.ocampo@sanmina.com,Sanmina,Planning & Purchasing Superintendent,Guadalajara,Jalisco,Mexico
Gerardo,G Romero,Gerardo G Romero,gerardo.gromero@sanmina.com,Sanmina,Buyer (cuenta Tarana),Guadalajara,Jalisco,Mexico
Gerardo,Garcia Aguilar,Gerardo Garcia Aguilar,gerardo.aguilar@sanmina.com,Sanmina,Buyer,Guadalajara,Jalisco,Mexico
German,Espindola,German Espindola,german.espindola@sanmina.com,Sanmina,Buyer (cuenta Skywave),Reynosa,Tamaulipas,Mexico
Griselda,Torres,Griselda Torres,griselda.torres@sanmina.com,Sanmina,Buyer,Guadalajara,Jalisco,Mexico
Guillermina,Marin,Guillermina Marin,guillermina.marin@sanmina.com,Sanmina,Program Manager (cuenta Nokia),Guadalajara,Jalisco,Mexico
Guillermo,Dominguez,Guillermo Dominguez,guillermo.dominguez@sanmina.com,Sanmina,Buyer (cuenta Tesla),Guadalajara,Jalisco,Mexico
Guillermo,Manjarrez,Guillermo Manjarrez,guillermo.manjarrez@sanmina.com,Sanmina,Shortages (Ribbon),Guadalajara,Jalisco,Mexico
Hector,Gutierrez,Hector Gutierrez,hector.gutierrezs@sanmina.com,Sanmina,Buyer (cuenta Orbcomm),Reynosa,Tamaulipas,Mexico
Hector,Pena,Hector Pena,hector.pena@sanmina.com,Sanmina,Planner Buyer,Guadalajara,Jalisco,Mexico
Hugo,Acedo,Hugo Acedo,hugo.acedo@sanmina.com,Sanmina,Program Manager (cuenta Ciena),Guadalajara,Jalisco,Mexico
Irelda,Martinez,Irelda Martinez,irelda.martinez@sanmina.com,Sanmina,Buyer Supervisor (cuenta Tarana),Guadalajara,Jalisco,Mexico
Ivan,Davalos,Ivan Davalos,ivan.davalos@sanmina.com,Sanmina,Materials Planner & Buyer,Guadalajara,Jalisco,Mexico
Ivan,Munoz B,Ivan Munoz B,ivan.munozb@sanmina.com,Sanmina,Purchasing Superintendent,Guadalajara,Jalisco,Mexico
Janeth,Moreno,Janeth Moreno,janeth.moreno@sanmina.com,Sanmina,Buyer,Tlajomulco de Zuniga,Jalisco,Mexico
Javier,Alejandro Velza,Javier Alejandro Velza,alex.velza1@sanmina.com,Sanmina,Agility Manager (P2),Guadalajara,Jalisco,Mexico
Patricia,Rangel,Patricia Rangel,patricia.rangel@foxconn.com,Foxconn (Assembly LLC Houston),Buyer,Houston,TX,United States
Karen,Lucio,Karen Lucio,karen.be.lucio@foxconn.com,Foxconn (Ciudad Juarez),,Ciudad Juarez,Chihuahua,Mexico
